ms_file,ms_file_label,peak_label,mz_mean,mz_width,rt,rt_min,rt_max,rt_unit,intensity_threshold,target_filename,peak_area,peak_area_top3,peak_n_datapoints,peak_max,peak_rt_of_max,peak_min,peak_median,peak_mean,peak_delta_int,peak_shape_rt,peak_shape_int,peak_mass_diff_25pc,peak_mass_diff_50pc,peak_mass_diff_75pc,peak_score,total_intensity,ms_file_size_MB,rt_diff [s]
/data/Metabolomics/ms-mint/230508__ms-mint-demofiles/ms-files/CA_B1.mzXML,CA_B1,Arabitol,151.0605,10,295.50000000000006,277.0,315.0,s,0,targets.csv,1448914.0,51759.0,59,60581.0,280.5530090332031,2422.0,25914.0,24557.86440677966,2602.0,"277.1,277.81,278.51,279.18,279.86,280.55,281.25,281.96,282.68,283.4,284.14,284.79,285.4,285.99,286.57,287.15,287.73,288.32,288.89,289.47,290.06,290.65,291.24,291.82,292.42,293.01,293.62,294.22,294.82,295.44,296.05,296.67,297.3,297.93,298.57,299.2,299.84,300.48,301.14,301.81,302.47,303.13,303.8,304.48,305.15,305.82,306.49,307.17,307.84,308.52,309.19,309.87,310.55,311.24,311.94,312.62,313.32,314.02,314.71","2422,2798,5192,6006,9870,14188,20467,35327,41981,46871,60581,47827,42259,42934,32004,25914,39520,29305,37256,38839,21099,26076,42022,30493,39678,41194,36949,37599,38162,42741,36434,32509,37321,35489,24598,26827,28807,31837,31070,21117,24357,20735,14779,15556,14225,15988,14092,10049,9361,12149,9771,6553,7050,7179,6662,3589,3862,4350,5024",2.330528372801293,2.532550596512985,2.6335617083688305,0.05787198399020679,25525758921,12.731822967529297,-14.946990966796932
/data/Metabolomics/ms-mint/230508__ms-mint-demofiles/ms-files/CA_B1.mzXML,CA_B1,Mevalonate,147.0657,10,180.0,100.0,266.0,s,0,targets.csv,11211.0,746.0,22,1240.0,133.68899536132812,333.0,464.0,509.59090909090907,18.0,"100.33,105.63,106.39,114.73,115.49,123.83,125.35,127.62,129.9,132.17,132.93,133.69,135.21,136.72,142.03,145.82,148.1,148.85,167.81,182.22,193.59,198.87","422,333,377,475,479,444,428,548,562,721,511,1240,488,424,453,415,404,594,566,371,552,404",1.6896280242942976,2.104647680475175,2.208402594520394,0.015680046151656038,25525758921,12.731822967529297,-46.311004638671875
/data/Metabolomics/ms-mint/230508__ms-mint-demofiles/ms-files/CA_B1.mzXML,CA_B1,Nicotinate,122.02455,10,183.204,163.0,228.0,s,0,targets.csv,162030.0,8181.0,51,9073.0,226.54600524902344,455.0,2279.0,3177.0588235294117,88.0,"173.88,176.91,178.43,179.18,179.94,180.7,181.46,182.22,182.98,183.73,184.49,185.25,186.01,186.77,187.52,188.28,189.04,189.8,190.56,191.32,192.07,192.83,193.59,194.35,195.1,195.85,196.6,197.36,198.12,198.87,199.63,200.39,201.13,201.88,202.64,203.4,204.15,204.88,206.39,207.15,207.9,208.64,209.4,210.15,211.67,212.43,213.19,220.62,224.28,226.55,227.3","647,811,698,455,1794,2279,3196,2557,3740,4891,6199,4494,8818,7452,6829,7238,8057,9073,7415,7387,3730,5043,5825,6338,4019,4722,3485,3349,4439,3023,2034,2011,2340,1963,1731,919,1129,879,703,635,1613,1940,791,1313,613,479,761,624,485,505,559",-0.801400434164328,-0.6763535557902631,-0.48878323822916575,0.03052794978664101,25525758921,12.731822967529297,43.34200524902343
/data/Metabolomics/ms-mint/230508__ms-mint-demofiles/ms-files/CA_B1.mzXML,CA_B1,Succinate,117.01905,10,122.634,122.2,150.0,s,0,targets.csv,271180.0,10653.0,37,17542.0,123.0739974975586,2836.0,6427.0,7329.189189189189,12906.0,"122.32,123.07,123.83,124.59,125.35,126.11,126.86,127.62,128.38,129.14,129.9,130.66,131.41,132.17,132.93,133.69,134.45,135.21,135.96,136.72,137.48,138.24,139.0,139.76,140.51,141.27,142.03,142.79,143.55,144.3,145.06,145.82,146.58,147.34,148.1,148.85,149.61","17542,14418,14203,13654,13245,9973,8776,11262,9934,10670,8331,8560,6968,7021,7312,6372,6850,6427,4883,7659,4911,6656,5603,5577,4703,4850,4454,4414,4146,4543,4866,3679,2836,3372,3603,4271,4636",0.005111514222206202,0.07030939893627627,0.26590305307848644,0.017932938093869602,25525758921,12.731822967529297,0.4399974975585934
/data/Metabolomics/ms-mint/230508__ms-mint-demofiles/ms-files/CA_B1.mzXML,CA_B1,Urocanate,137.0354,10,264.9,240.0,290.0,s,0,targets.csv,84755.0,4432.0,48,5561.0,240.9530029296875,340.0,1480.0,1765.7291666666667,3260.0,"240.2,240.95,242.47,243.23,243.99,244.74,245.5,246.26,247.02,247.78,248.54,249.29,250.05,250.81,252.33,255.36,256.12,256.88,257.64,258.39,259.15,259.91,260.67,261.43,262.18,262.94,263.7,264.45,265.2,265.95,266.71,267.47,268.23,268.99,269.75,271.25,272.71,274.89,275.62,277.81,279.18,280.55,281.25,281.96,282.68,283.4,284.14,284.79","340,547,926,532,1940,767,905,2303,585,1668,424,1664,1512,1448,583,661,543,933,747,451,911,869,2694,5126,4307,4910,5561,2827,2801,1985,969,1758,1614,1619,2580,1748,1950,484,748,953,781,1211,2084,2479,4463,3412,832,3600",-0.5538957110525311,-0.33119721033665767,-0.19201064738923676,0.016250234398761013,25525758921,12.731822967529297,-23.946997070312477
/data/Metabolomics/ms-mint/230508__ms-mint-demofiles/ms-files/CA_B1.mzXML,CA_B1,Xanthine,151.02585,10,250.0,208.0,290.8,s,0,targets.csv,4041756.0,158500.0,113,163234.0,284.7909851074219,5478.0,15925.0,35767.75221238938,20130.0,"208.64,209.4,210.15,210.91,211.67,212.43,213.19,213.95,214.7,215.46,216.22,216.97,217.7,218.44,219.16,219.89,220.62,221.34,222.07,222.79,223.52,224.28,225.04,225.79,226.55,227.3,228.06,228.82,229.58,230.34,231.1,231.85,232.61,233.37,234.13,234.89,235.65,236.4,237.16,237.92,238.68,239.44,240.2,240.95,241.71,242.47,243.23,243.99,244.74,245.5,246.26,247.02,247.78,248.54,249.29,250.05,250.81,251.57,252.33,253.09,253.84,254.6,255.36,256.12,256.88,257.64,258.39,259.15,259.91,260.67,261.43,262.18,262.94,263.7,264.45,265.2,265.95,266.71,267.47,268.23,268.99,269.75,270.51,271.25,271.97,272.71,273.43,274.15,274.89,275.62,276.37,277.1,277.81,278.51,279.18,279.86,280.55,281.25,281.96,282.68,283.4,284.14,284.79,285.4,285.99,286.57,287.15,287.73,288.32,288.89,289.47,290.06,290.65","9613,7658,8738,9692,11726,19729,14710,11319,14028,18028,33059,46889,61425,75356,87915,98451,136679,138747,144179,153012,160251,155565,163234,156702,136301,113668,109251,100357,87681,74702,73187,55310,58907,56977,53190,48429,43396,42733,32602,40857,43130,37797,37966,38679,34393,35473,34126,38283,35682,30756,31322,22136,25231,19461,19956,17731,15925,12330,14286,15428,13416,10766,9708,8893,10486,9922,9282,9761,10774,9244,10793,13590,10326,8253,10156,7976,6949,8028,7226,8483,5975,8630,10194,8356,9462,10395,9078,8933,7584,12198,7275,6567,9276,11655,7981,11479,10995,9567,9838,7448,6671,5478,8873,13446,15931,19147,8578,27168,26542,29404,24520,24993,29743",-0.3137720814269137,-0.2127377944985501,-0.1117035075701865,0.024089988410520128,25525758921,12.731822967529297,34.790985107421875
/data/Metabolomics/ms-mint/230508__ms-mint-demofiles/ms-files/CA_B2.mzXML,CA_B2,Arabitol,151.0605,10,295.50000000000006,277.0,315.0,s,0,targets.csv,885915.0,27296.0,56,33862.0,278.26800537109375,1950.0,16126.5,15819.910714285714,1784.0,"277.53,278.27,278.99,279.69,280.41,281.15,281.91,282.66,283.42,284.18,284.85,285.47,286.06,286.65,287.23,287.82,288.41,289.01,289.61,290.19,290.79,291.39,291.99,292.59,293.2,293.81,294.43,295.06,295.69,296.33,296.97,297.62,298.28,298.96,299.63,300.32,301.0,301.69,302.39,303.09,303.81,304.53,305.26,305.99,306.71,307.43,308.17,308.91,309.62,310.35,311.09,311.82,312.55,313.29,314.04,314.78","1950,2539,2632,4919,6788,10142,15199,19792,31971,33078,31818,26588,16181,16072,15446,30283,16759,25498,21549,28309,24158,27700,17270,22371,21092,24532,18771,25160,28831,33862,19196,17838,17028,20181,19339,16970,10193,19277,12929,16001,15736,10153,9819,10388,7165,9858,7952,7118,6609,5845,5494,2034,5982,4281,3535,3734",2.532550596512985,2.6335617083688305,2.734572820224676,0.05019942178780708,23900088940,12.576957702636719,-17.231994628906307
/data/Metabolomics/ms-mint/230508__ms-mint-demofiles/ms-files/CA_B2.mzXML,CA_B2,Mevalonate,147.0657,10,180.0,100.0,266.0,s,0,targets.csv,27670.0,768.0,49,1320.0,102.47000122070312,335.0,549.0,564.6938775510204,118.0,"102.47,113.84,119.15,119.91,122.94,123.7,124.46,126.73,127.49,129.77,130.52,131.28,132.04,132.8,133.56,134.32,135.07,135.83,139.62,142.66,143.41,144.17,144.93,145.69,146.45,147.21,149.48,151.76,153.27,154.03,154.79,157.06,160.09,160.85,163.89,166.92,167.68,168.43,169.19,169.95,171.47,172.23,187.39,191.94,193.46,203.14,204.64,214.29,234.38","553,605,416,357,695,610,716,690,510,515,805,600,425,1320,559,460,688,565,705,403,547,518,531,513,787,722,335,503,457,607,503,568,565,541,549,441,369,612,610,594,392,474,577,531,625,581,468,518,435",1.7933829383395168,2.0008927664299554,2.312157508565613,0.011003857590431218,23900088940,12.576957702636719,-77.52999877929688
/data/Metabolomics/ms-mint/230508__ms-mint-demofiles/ms-files/CA_B2.mzXML,CA_B2,Nicotinate,122.02455,10,183.204,163.0,228.0,s,0,targets.csv,407030.0,18237.0,64,21670.0,223.8520050048828,386.0,3083.0,6359.84375,279.0,"165.4,166.16,177.53,178.29,179.05,179.81,180.57,181.32,182.08,182.84,183.6,184.36,185.12,185.88,186.63,187.39,188.15,188.91,189.67,190.42,191.18,191.94,192.7,193.46,194.21,194.97,195.7,196.45,197.18,197.92,198.66,199.39,200.14,200.89,201.65,202.4,203.14,203.89,204.64,205.38,206.13,206.86,207.57,208.32,209.05,209.79,210.53,211.29,212.03,212.78,213.53,215.05,215.8,216.54,217.29,218.77,220.21,221.66,222.39,223.85,224.59,225.34,226.07,227.56","386,422,557,418,2308,2066,2741,5123,7423,8764,11277,11387,15858,15276,15834,15497,18054,18703,16254,17015,21670,16026,20889,12311,10875,18032,19112,10937,12291,7095,7274,4648,5812,4933,3617,4044,3755,3610,2946,2638,3220,2640,2145,2489,2483,555,1762,2140,804,727,702,880,964,978,540,868,874,666,797,585,488,611,569,665",-0.48878323822916575,-0.3637363598551009,-0.23868948148103597,0.03351901068754456,23900088940,12.576957702636719,40.648005004882805
/data/Metabolomics/ms-mint/230508__ms-mint-demofiles/ms-files/CA_B2.mzXML,CA_B2,Succinate,117.01905,10,122.634,122.2,150.0,s,0,targets.csv,259871.0,10052.0,37,18235.0,148.72300720214844,560.0,6127.0,7023.540540540541,14454.0,"122.94,123.7,124.46,125.22,125.97,126.73,127.49,128.25,129.01,129.77,130.52,131.28,132.04,132.8,133.56,134.32,135.07,135.83,136.59,137.35,138.11,138.87,139.62,140.38,141.14,141.9,142.66,143.41,144.17,144.93,145.69,146.45,147.21,147.96,148.72,149.48","18235,11922,14639,11977,10207,11660,8635,10353,7906,9384,6694,7292,6666,6765,6329,7133,7121,7121,6127,4069,5017,5221,5014,5210,5464,4356,6038,4006,5683,4834,4310,5195,4555,4861,5531,3781",0.07030939893627627,0.2007051683644164,0.26590305307848644,0.01448601612115819,23900088940,12.576957702636719,26.089007202148437
/data/Metabolomics/ms-mint/230508__ms-mint-demofiles/ms-files/CA_B2.mzXML,CA_B2,Urocanate,137.0354,10,264.9,240.0,290.0,s,0,targets.csv,93812.0,5676.0,49,7086.0,256.3680114746094,359.0,1855.0,1914.530612244898,580.0,"240.44,241.2,241.96,242.72,243.48,244.24,244.99,245.75,246.51,247.27,248.03,248.79,249.54,251.82,254.09,255.61,256.37,257.89,258.64,260.16,260.92,261.68,262.43,263.19,263.95,264.71,265.47,266.23,266.98,267.74,268.5,269.26,270.77,271.53,272.27,273.0,273.74,274.5,276.01,276.77,278.99,279.69,280.41,281.15,281.91,282.66,283.42,284.18,284.85","1959,2492,3286,1687,2505,2243,1695,2392,2293,771,2183,831,829,729,885,414,399,359,524,2389,2444,3782,5100,6032,7086,3912,1911,2864,2335,2107,715,2483,891,1855,459,901,727,481,809,437,550,1185,596,3260,2251,710,2953,2732,1379",-0.33119721033665767,-0.10849870962078424,0.002850540737152462,0.09391367055105364,23900088940,12.576957702636719,-8.531988525390602
/data/Metabolomics/ms-mint/230508__ms-mint-demofiles/ms-files/CA_B2.mzXML,CA_B2,Xanthine,151.02585,10,250.0,208.0,290.8,s,0,targets.csv,4177645.0,168404.0,113,176777.0,244.23500061035156,4798.0,14028.0,36970.30973451328,26324.0,"208.32,209.05,209.79,210.53,211.29,212.03,212.78,213.53,214.29,215.05,215.8,216.54,217.29,218.05,218.77,219.48,220.21,220.93,221.66,222.39,223.12,223.85,224.59,225.34,226.07,226.82,227.56,228.31,229.07,229.83,230.59,231.35,232.1,232.86,233.62,234.38,235.14,235.9,236.65,237.41,238.17,238.93,239.69,240.44,241.2,241.96,242.72,243.48,244.24,244.99,245.75,246.51,247.27,248.03,248.79,249.54,250.3,251.06,251.82,252.58,253.34,254.09,254.85,255.61,256.37,257.13,257.89,258.64,259.4,260.16,260.92,261.68,262.43,263.19,263.95,264.71,265.47,266.23,266.98,267.74,268.5,269.26,270.02,270.77,271.53,272.27,273.0,273.74,274.5,275.25,276.01,276.77,277.53,278.27,278.99,279.69,280.41,281.15,281.91,282.66,283.42,284.18,284.85,285.47,286.06,286.65,287.23,287.82,288.41,289.01,289.61,290.19,290.79","4798,7507,8068,9336,11034,8287,13573,15926,13118,14706,16959,24255,33144,56578,66753,100214,101922,123309,124444,148547,158784,164638,176777,163798,160955,160295,136192,126379,116507,92823,88401,79199,78335,67063,64269,60457,48178,52015,48407,45438,42261,42121,42241,39668,37141,42973,39752,34939,43267,46544,37715,26678,29084,19249,19613,24650,17846,17566,11947,11031,11500,12713,11250,14028,10233,13746,11083,10864,9031,9384,10295,8203,9751,8927,9562,9659,10737,7933,7557,8015,9321,7067,8321,8047,7900,7686,10088,8061,9861,6956,6174,6851,9785,8529,6530,7572,9465,8503,5657,7668,5941,6507,6212,15038,13917,12348,12052,18153,13748,20754,23961,15705,31122",-0.1117035075701865,-0.1117035075701865,-0.010669220641822913,0.13804837777807866,23900088940,12.576957702636719,-5.7649993896484375
/data/Metabolomics/ms-mint/230508__ms-mint-demofiles/ms-files/CA_B3.mzXML,CA_B3,Arabitol,151.0605,10,295.50000000000006,277.0,315.0,s,0,targets.csv,1814563.0,76728.0,60,78222.0,281.5320129394531,1076.0,28291.5,30242.716666666667,1176.0,"277.55,278.21,278.86,279.51,280.17,280.85,281.53,282.23,282.92,283.62,284.29,284.91,285.5,286.08,286.66,287.23,287.81,288.39,288.97,289.55,290.13,290.71,291.3,291.89,292.48,293.08,293.67,294.27,294.87,295.48,296.09,296.71,297.34,297.96,298.59,299.22,299.85,300.48,301.14,301.79,302.45,303.11,303.77,304.44,305.1,305.77,306.45,307.13,307.8,308.47,309.14,309.83,310.52,311.21,311.9,312.59,313.27,313.96,314.67","6540,5514,8638,10682,18114,28122,32570,53874,73751,78222,78211,71625,37348,51501,47350,33234,27232,29131,52030,53484,40784,34233,46950,48012,37965,44067,49511,43719,47527,55244,32350,39321,44245,31871,30876,24527,25531,28461,37606,22506,26252,25650,21909,18223,21285,16013,12556,15794,13922,10775,8158,9565,10312,6844,7610,7220,6602,6954,5364",2.4315394846571388,2.532550596512985,2.6335617083688305,0.06336279980869322,28075546083,12.875276565551758,-13.967987060546932
/data/Metabolomics/ms-mint/230508__ms-mint-demofiles/ms-files/CA_B3.mzXML,CA_B3,Mevalonate,147.0657,10,180.0,100.0,266.0,s,0,targets.csv,23057.0,1003.0,36,1823.0,232.53700256347656,367.0,531.5,640.4722222222222,61.0,"104.63,106.14,106.9,116.76,117.52,122.07,123.58,126.62,127.38,128.13,128.89,131.93,132.68,134.2,134.96,137.23,137.99,139.51,140.26,141.78,142.54,143.3,147.82,150.1,150.85,153.12,159.18,163.73,164.49,166.76,169.8,174.35,187.24,188.75,190.27,232.54","467,447,479,430,495,889,566,601,856,628,481,418,841,1413,378,1823,809,810,697,705,425,801,535,611,699,674,479,499,470,833,521,367,443,462,477,528",1.6636892957829927,2.0008927664299554,2.208402594520394,0.01810801156318868,28075546083,12.875276565551758,52.53700256347656
/data/Metabolomics/ms-mint/230508__ms-mint-demofiles/ms-files/CA_B3.mzXML,CA_B3,Nicotinate,122.02455,10,183.204,163.0,228.0,s,0,targets.csv,503195.0,21232.0,61,23892.0,220.57899475097656,692.0,3938.0,8249.098360655738,2.0,"176.62,177.38,178.14,178.9,179.65,180.41,181.17,181.93,182.69,183.44,184.2,184.96,185.72,186.48,187.24,187.99,188.75,189.51,190.27,191.03,191.79,192.54,193.3,194.02,194.74,195.45,196.15,196.86,197.56,198.26,198.96,199.66,200.37,201.07,201.77,202.47,203.18,203.89,204.59,205.29,205.99,206.69,207.39,208.07,208.76,209.46,210.17,212.28,212.98,213.69,214.4,215.11,216.49,217.18,217.87,220.58,224.69,225.38,226.09,226.81,227.52","692,935,2929,3692,5323,7651,8446,9006,13063,18686,20911,20977,19506,23452,20962,20236,21779,23892,18027,21826,13718,15002,20741,22336,17375,15098,12764,11242,8594,7194,7962,8355,4085,5317,3216,3938,2677,2788,3211,2307,2881,2422,2693,2424,2409,2238,2154,731,963,892,1032,1287,982,1415,2724,992,1375,959,853,1164,694",-0.6138301166032306,-0.4262597990421333,-0.30121292066806843,0.03817022002170682,28075546083,12.875276565551758,37.374994750976555
/data/Metabolomics/ms-mint/230508__ms-mint-demofiles/ms-files/CA_B3.mzXML,CA_B3,Succinate,117.01905,10,122.634,122.2,150.0,s,0,targets.csv,363722.0,13645.0,37,22181.0,144.05599975585938,712.0,9453.0,9830.324324324325,15730.0,"122.83,123.58,124.34,125.1,125.86,126.62,127.38,128.13,128.89,129.65,130.41,131.17,131.93,132.68,133.44,134.2,134.96,135.72,136.47,137.23,137.99,138.75,139.51,140.26,141.02,141.78,142.54,143.3,144.06,144.82,145.55,146.31,147.06,147.82,148.58,149.34","22181,18755,14472,14474,16279,15860,15070,11539,13435,12341,10435,11164,9453,10570,12648,10542,9902,8914,10174,10138,7254,7757,5049,8226,7825,6963,5642,6115,7018,6850,6987,3523,7733,5033,6238,6451",-0.19048213992000398,-0.06008637049186386,0.07030939893627627,0.030906717866813063,28075546083,12.875276565551758,21.421999755859375
/data/Metabolomics/ms-mint/230508__ms-mint-demofiles/ms-files/CA_B3.mzXML,CA_B3,Urocanate,137.0354,10,264.9,240.0,290.0,s,0,targets.csv,132246.0,8319.0,53,10670.0,267.79400634765625,508.0,2256.0,2495.2075471698113,1738.0,"240.48,241.2,241.93,242.64,243.36,244.08,244.8,245.54,246.27,246.99,247.73,248.46,249.19,249.92,250.66,251.38,253.54,254.27,255.0,255.71,256.44,257.88,258.61,259.32,260.04,260.74,261.45,262.15,262.88,263.58,264.29,264.98,265.68,266.39,267.1,267.79,268.52,269.24,269.95,270.65,271.35,273.37,274.05,274.74,276.15,276.86,280.17,280.85,281.53,282.23,282.92,283.62,284.29","2897,2460,1040,2256,3286,2975,3135,3209,2859,3125,3002,1945,853,2405,2401,738,1051,653,972,508,1047,1108,523,694,3858,2650,6785,10670,7502,5817,6859,2295,3065,1179,2467,819,2243,1144,626,934,834,758,902,968,1166,974,1301,3221,3974,4222,5070,3642,1159",-0.33119721033665767,-0.10849870962078424,0.11419979109508917,0.2184492522318933,28075546083,12.875276565551758,2.8940063476562727
/data/Metabolomics/ms-mint/230508__ms-mint-demofiles/ms-files/CA_B3.mzXML,CA_B3,Xanthine,151.02585,10,250.0,208.0,290.8,s,0,targets.csv,7163516.0,295417.0,120,311265.0,249.18899536132812,7192.0,21003.5,59695.96666666667,22422.0,"208.07,208.76,209.46,210.17,210.88,211.58,212.28,212.98,213.69,214.4,215.11,215.8,216.49,217.18,217.87,218.54,219.23,219.9,220.58,221.26,221.94,222.63,223.32,224.0,224.69,225.38,226.09,226.81,227.52,228.23,228.94,229.65,230.38,231.09,231.81,232.54,233.26,233.99,234.73,235.45,236.17,236.9,237.6,238.32,239.04,239.76,240.48,241.2,241.93,242.64,243.36,244.08,244.8,245.54,246.27,246.99,247.73,248.46,249.19,249.92,250.66,251.38,252.1,252.82,253.54,254.27,255.0,255.71,256.44,257.16,257.88,258.61,259.32,260.04,260.74,261.45,262.15,262.88,263.58,264.29,264.98,265.68,266.39,267.1,267.79,268.52,269.24,269.95,270.65,271.35,272.02,272.7,273.37,274.05,274.74,275.45,276.15,276.86,277.55,278.21,278.86,279.51,280.17,280.85,281.53,282.23,282.92,283.62,284.29,284.91,285.5,286.08,286.66,287.23,287.81,288.39,288.97,289.55,290.13,290.71","9465,10703,9017,12714,11112,17039,18775,14273,15675,17995,26329,49398,65421,87144,112979,140330,169458,220198,196652,220590,276049,285282,286186,311265,288801,266644,250106,218559,217467,192303,164345,141819,127592,105388,109234,99578,94420,89107,78767,77227,69173,71309,64338,71009,66439,59264,67279,71613,62932,60887,57929,63208,54543,50067,43218,42571,36414,31617,22864,26305,21406,25280,17573,21288,16555,17082,15265,13616,15310,14697,14658,13972,13580,13770,14738,12107,16415,14891,17268,11273,12025,11387,9563,12461,9113,9305,10977,11511,13411,16042,13110,12850,11752,14513,11841,9130,9669,13076,9316,15553,13332,10337,13702,9531,11658,7192,10900,7348,10628,17754,24154,19150,18674,20719,27131,44797,32956,31136,44796,31887",-0.2127377944985501,-0.010669220641822913,0.09036506628654069,0.7662675142302686,28075546083,12.875276565551758,-0.811004638671875
/data/Metabolomics/ms-mint/230508__ms-mint-demofiles/ms-files/CA_B4.mzXML,CA_B4,Arabitol,151.0605,10,295.50000000000006,277.0,315.0,s,0,targets.csv,2809781.0,111381.0,59,129437.0,279.7650146484375,3176.0,51847.0,47623.40677966102,6907.0,"277.09,277.79,278.45,279.11,279.77,280.45,281.13,281.83,282.53,283.25,283.95,284.61,285.22,285.81,286.39,286.96,287.54,288.12,288.7,289.28,289.86,290.44,291.03,291.62,292.2,292.8,293.39,293.99,294.59,295.2,295.82,296.43,297.05,297.68,298.3,298.93,299.58,300.22,300.87,301.52,302.18,302.84,303.51,304.17,304.83,305.5,306.17,306.84,307.52,308.2,308.87,309.55,310.23,310.92,311.61,312.29,312.98,313.67,314.37","3176,4682,5259,8568,12954,20102,30255,51241,63780,81986,129437,122721,88038,70209,57895,61990,68031,69253,85418,51847,62275,79217,69875,77676,89932,72451,71073,73232,73419,69926,64576,71022,66542,57350,58088,65269,54606,49619,59158,44835,40960,39339,26208,33278,30237,27346,21208,22160,20212,15969,18299,18304,16796,12882,11108,8659,10480,9270,10083",2.330528372801293,2.4315394846571388,2.532550596512985,0.05462527279027317,28102636578,12.762396812438965,-15.734985351562557
/data/Metabolomics/ms-mint/230508__ms-mint-demofiles/ms-files/CA_B4.mzXML,CA_B4,Mevalonate,147.0657,10,180.0,100.0,266.0,s,0,targets.csv,19815.0,1161.0,34,2092.0,125.22899627685547,346.0,504.0,582.7941176470588,334.0,"100.97,101.73,104.76,106.27,119.16,120.68,121.44,122.95,125.23,125.99,126.75,129.02,129.78,131.29,132.81,133.57,135.85,137.36,138.12,138.88,139.64,140.39,142.67,143.43,150.25,160.87,167.69,168.45,169.21,173.0,174.51,187.41,192.71,194.96","542,567,507,405,564,427,474,453,576,500,469,501,793,700,2092,692,745,539,764,554,477,448,573,623,482,472,481,450,410,402,397,346,514,876",1.5858731102490784,2.052770223452565,2.312157508565613,0.013375057555964407,28102636578,12.762396812438965,-54.77100372314453
/data/Metabolomics/ms-mint/230508__ms-mint-demofiles/ms-files/CA_B4.mzXML,CA_B4,Nicotinate,122.02455,10,183.204,163.0,228.0,s,0,targets.csv,337704.0,15178.0,57,16486.0,211.91700744628906,412.0,3338.0,5924.631578947368,449.0,"164.66,176.03,176.79,177.55,178.31,179.07,179.82,180.58,181.34,182.1,182.86,183.62,184.37,185.13,185.89,186.65,187.41,188.16,188.92,189.68,190.44,191.2,191.96,192.71,193.47,194.23,194.96,195.67,196.38,197.09,197.8,198.5,199.21,199.9,200.6,201.32,202.03,202.73,203.44,204.15,204.86,205.57,206.27,206.96,207.66,208.37,209.79,210.49,211.92,212.62,213.32,214.76,215.48,216.19,216.88,223.76,227.28","412,681,740,1761,1509,1762,2665,3481,3338,6890,6239,8127,9771,10622,13962,12308,13928,13392,13738,15953,16200,15338,16486,13711,9422,9145,15914,15707,9862,7640,10455,6650,6834,5379,3023,5001,2939,4516,1174,1099,1188,1186,2433,2706,1082,1104,832,1032,659,939,925,2270,668,756,638,651,861",-0.801400434164328,-0.6138301166032306,-0.48878323822916575,0.05547892236713423,28102636578,12.762396812438965,28.713007446289055
/data/Metabolomics/ms-mint/230508__ms-mint-demofiles/ms-files/CA_B4.mzXML,CA_B4,Succinate,117.01905,10,122.634,122.2,150.0,s,0,targets.csv,365137.0,14090.0,38,24441.0,132.81199645996094,526.0,8121.0,9608.868421052632,18957.0,"122.95,123.71,124.47,125.23,125.99,126.75,127.5,128.26,129.02,129.78,130.54,131.29,132.05,132.81,133.57,134.33,135.09,135.85,136.6,137.36,138.12,138.88,139.64,140.39,141.15,141.91,142.67,143.43,144.19,144.94,145.7,146.46,147.22,147.98,148.74,149.49","24441,17831,18730,19559,16691,13914,17636,12745,13740,9909,10188,9069,8560,9875,12097,7334,8291,9643,6324,8196,8881,8046,7279,7622,7582,6821,6669,5289,6827,6820,5781,5729,7142,6984,6223,5484",-0.06008637049186386,0.07030939893627627,0.13550728365034634,0.050036749814357614,28102636578,12.762396812438965,10.177996459960937
/data/Metabolomics/ms-mint/230508__ms-mint-demofiles/ms-files/CA_B4.mzXML,CA_B4,Urocanate,137.0354,10,264.9,240.0,290.0,s,0,targets.csv,151520.0,8807.0,55,9444.0,267.9729919433594,550.0,2470.0,2754.909090909091,606.0,"240.38,241.12,241.84,242.56,243.28,244.01,244.73,245.46,246.21,246.94,247.69,248.43,249.17,249.91,250.65,251.38,252.1,252.84,253.57,254.3,255.03,255.75,256.49,257.93,258.65,259.36,260.1,260.81,261.53,262.25,262.97,263.69,264.43,265.15,265.85,266.55,267.26,267.97,268.69,269.39,270.12,270.83,271.53,272.21,275.67,277.79,279.11,279.77,280.45,281.13,281.83,282.53,283.25,283.95,284.61","3326,4202,2604,3157,4294,3681,2162,3450,3368,3867,2232,3837,2157,757,1947,2179,706,1707,765,550,641,763,945,641,2286,2470,982,3571,7062,5753,8003,9444,8976,4962,3142,4615,3407,1364,3296,2550,878,879,1209,1076,674,1111,1283,876,1285,2834,2592,3312,962,2796,3932",-0.5538957110525311,-0.44254646069459436,-0.10849870962078424,0.2336310657612498,28102636578,12.762396812438965,3.0729919433593977
/data/Metabolomics/ms-mint/230508__ms-mint-demofiles/ms-files/CA_B4.mzXML,CA_B4,Xanthine,151.02585,10,250.0,208.0,290.8,s,0,targets.csv,6967201.0,271070.0,118,283207.0,283.9460144042969,7851.0,22821.0,59044.07627118644,18563.0,"208.37,209.08,209.79,210.49,211.2,211.92,212.62,213.32,214.04,214.76,215.48,216.19,216.88,217.58,218.28,218.96,219.65,220.34,221.03,221.71,222.39,223.07,223.76,224.45,225.14,225.85,226.56,227.28,228.0,228.71,229.43,230.15,230.87,231.59,232.31,233.04,233.76,234.52,235.25,235.98,236.71,237.44,238.18,238.92,239.65,240.38,241.12,241.84,242.56,243.28,244.01,244.73,245.46,246.21,246.94,247.69,248.43,249.17,249.91,250.65,251.38,252.1,252.84,253.57,254.3,255.03,255.75,256.49,257.22,257.93,258.65,259.36,260.1,260.81,261.53,262.25,262.97,263.69,264.43,265.15,265.85,266.55,267.26,267.97,268.69,269.39,270.12,270.83,271.53,272.21,272.88,273.57,274.26,274.96,275.67,276.38,277.09,277.79,278.45,279.11,279.77,280.45,281.13,281.83,282.53,283.25,283.95,284.61,285.22,285.81,286.39,286.96,287.54,288.12,288.7,289.28,289.86,290.44","10826,11957,12266,13547,11121,16899,19757,20107,20740,16514,20711,35304,56229,76217,98516,127674,150677,183892,208769,236823,244214,257439,283207,272566,269937,276099,225822,252080,202649,187501,176294,167985,136044,127979,117997,115035,90834,89351,68602,72574,70002,67677,63021,64169,68641,59773,58320,51552,48401,65836,58627,66222,63997,43299,42637,31242,34505,27952,26262,28745,18951,25154,19225,22319,21596,16817,18405,13679,14879,15427,18362,16927,15804,13688,13964,15588,17104,12920,12973,15515,10401,16661,12350,12495,9098,8498,11311,11371,9849,12545,18593,9106,11573,12854,14769,12642,10468,11585,12261,9650,12823,8805,9082,9948,7851,9143,11500,9856,13769,24552,23323,29591,33235,37594,32260,27775,35693,29389",-0.3137720814269137,-0.2127377944985501,-0.1117035075701865,0.026288187133629966,28102636578,12.762396812438965,33.946014404296875
/data/Metabolomics/ms-mint/230508__ms-mint-demofiles/ms-files/EC_B1.mzXML,EC_B1,Arabitol,151.0605,10,295.50000000000006,277.0,315.0,s,0,targets.csv,9364.0,1574.0,8,1982.0,300.822998046875,809.0,979.5,1170.5,722.0,"296.16,296.82,297.48,299.48,300.82,303.55,305.65,309.81","1674,1982,1068,920,1002,957,809,952",5.259850616620822,5.512378396260437,5.613389508116283,0.04148064618463419,39292526371,13.392587661743164,5.322998046874943
/data/Metabolomics/ms-mint/230508__ms-mint-demofiles/ms-files/EC_B1.mzXML,EC_B1,Mevalonate,147.0657,10,180.0,100.0,266.0,s,0,targets.csv,29718.0,3034.0,23,4877.0,228.4409942626953,372.0,774.0,1292.0869565217392,4335.0,"100.29,101.05,101.81,102.57,103.33,104.09,104.84,105.6,106.36,107.12,107.88,108.64,109.39,135.37,143.66,146.68,151.22,156.53,164.87,172.45,194.44,227.7,228.44","4877,4225,3307,3158,882,1841,592,800,874,1760,373,890,863,617,461,557,443,477,608,425,372,774,542",4.698520531605656,5.217295101831752,5.321050015876971,0.00195689597709952,39292526371,13.392587661743164,48.44099426269531
/data/Metabolomics/ms-mint/230508__ms-mint-demofiles/ms-files/EC_B1.mzXML,EC_B1,Nicotinate,122.02455,10,183.204,163.0,228.0,s,0,targets.csv,4387560.0,184829.0,82,188951.0,171.69500732421875,404.0,16156.0,53506.829268292684,2109.0,"165.63,169.42,170.18,170.94,171.7,172.45,173.21,173.97,174.73,175.49,176.24,177.0,177.76,178.52,179.28,180.04,180.79,181.55,182.31,183.07,183.82,184.58,185.34,186.1,186.86,187.62,188.38,189.13,189.89,190.65,191.41,192.17,192.92,193.68,194.44,195.2,195.96,196.72,197.42,198.12,198.81,199.51,200.21,200.9,201.6,202.29,203.0,203.7,204.4,205.11,205.82,206.51,207.2,207.91,208.6,209.3,210.02,210.72,211.43,212.13,212.84,213.55,214.27,214.96,215.67,216.37,217.09,217.8,218.49,219.19,219.89,220.58,221.29,221.99,222.7,223.4,224.1,224.82,225.54,226.26,226.98,227.7","404,645,1585,2799,5449,5284,11817,21052,34390,43640,64087,78504,94645,124043,132691,158734,165243,162087,172909,184994,188951,180544,166909,175408,158442,149040,139725,133458,120978,126507,123784,113965,126490,109473,89895,64435,60105,78852,100632,54263,50583,37968,28676,24027,24560,21950,12306,20932,14905,17407,10021,10856,13572,12318,9682,9869,8540,8493,9579,6183,7773,7441,5765,8834,5059,6765,4666,6283,3811,6445,4817,3859,3690,5189,4466,2811,3844,3345,2632,4674,3593,2513",2.5748652819354243,2.699912160309489,2.824959038683554,0.03984259790634341,39292526371,13.392587661743164,-11.508992675781258
/data/Metabolomics/ms-mint/230508__ms-mint-demofiles/ms-files/EC_B1.mzXML,EC_B1,Succinate,117.01905,10,122.634,122.2,150.0,s,0,targets.csv,947363788.0,71988596.0,40,76289728.0,136.86500549316406,1673670.0,7664928.5,23684094.7,67327730.0,"122.6,123.2,123.81,124.4,125.0,125.61,126.21,126.82,127.43,128.03,128.65,129.27,129.9,130.55,131.2,131.87,132.54,133.24,133.93,134.64,135.37,136.12,136.87,137.61,138.36,139.12,139.88,140.63,141.39,142.15,142.9,143.66,144.42,145.18,145.92,146.68,147.43,148.19,148.95,149.71","69001400,67813360,72202136,73651696,76289728,66024364,60678832,57143488,55118096,57968580,44004676,36212128,32542402,25273048,21314670,17373088,14987827,11710556,10330526,7754408,7575449,6514686,5700697,5257745,4311808,4299189,4025555,3778005,3544686,3018521,2904028,2789853,2402811,2287270,2266576,2067897,2005298,1747795,1797240,1673670",3.2650057499257095,3.2650057499257095,3.3302036346397794,0.06416263244076235,39292526371,13.392587661743164,14.231005493164062
/data/Metabolomics/ms-mint/230508__ms-mint-demofiles/ms-files/EC_B1.mzXML,EC_B1,Urocanate,137.0354,10,264.9,240.0,290.0,s,0,targets.csv,146469.0,8655.0,46,8949.0,254.6540069580078,615.0,2520.0,3184.108695652174,6818.0,"240.35,241.09,241.84,242.6,243.34,244.1,244.86,245.62,246.37,247.13,247.88,248.64,249.4,250.15,250.91,251.67,252.43,253.17,253.93,254.65,255.34,256.01,257.97,259.31,260.0,260.7,261.42,262.14,262.88,263.61,264.34,265.05,265.74,266.42,267.09,268.44,269.14,269.85,270.57,271.28,271.97,274.62,275.32,276.02,277.46,278.15","8187,8949,8829,8245,6729,6613,7644,4672,5515,6521,3539,4207,3591,3834,3216,2436,3733,934,1858,2079,772,1838,1581,1636,2604,1100,3237,1023,1936,3342,4555,2078,1403,3304,2715,2931,1154,615,933,894,778,783,891,818,848,1369",2.2298355478958864,2.45253404861176,2.5638832989696967,0.020570044019175268,39292526371,13.392587661743164,-10.245993041992165
/data/Metabolomics/ms-mint/230508__ms-mint-demofiles/ms-files/EC_B1.mzXML,EC_B1,Xanthine,151.02585,10,250.0,208.0,290.8,s,0,targets.csv,267914.0,6629.0,85,8406.0,224.10400390625,570.0,3020.0,3151.929411764706,4692.0,"208.6,209.3,210.02,210.72,211.43,212.13,212.84,213.55,214.27,215.67,217.8,218.49,219.19,219.89,220.58,221.29,221.99,222.7,223.4,224.1,224.82,225.54,226.26,226.98,227.7,228.44,229.18,229.91,230.65,231.38,232.12,232.86,233.62,234.35,235.1,235.84,236.59,237.34,238.09,238.84,239.6,240.35,241.09,241.84,242.6,243.34,244.1,244.86,245.62,246.37,247.13,247.88,248.64,249.4,250.15,250.91,251.67,252.43,253.93,254.65,255.34,256.01,256.66,258.64,259.31,260.0,260.7,261.42,262.14,262.88,263.61,264.34,265.05,265.74,266.42,267.09,267.76,268.44,269.14,271.97,272.65,274.62,275.32,285.16","5377,5643,2387,5680,2772,3098,897,1297,833,1336,1196,3037,2017,2759,3020,4030,3557,2701,2365,1050,4043,6163,5667,5105,5517,6243,4466,3889,7112,4277,5859,4739,3182,2341,3791,2559,2376,4855,885,3817,2205,3444,2354,3047,2704,2773,2592,4036,3427,2970,3160,5114,3998,2625,913,570,894,1746,1892,582,622,1788,1087,4536,3200,4186,4711,6049,6341,5744,8406,5738,3950,3056,1379,739,1446,781,1083,972,724,1170,1334,5290",2.515187952567267,2.717256526423994,2.9193251002807212,0.016795237780408128,39292526371,13.392587661743164,-25.89599609375
/data/Metabolomics/ms-mint/230508__ms-mint-demofiles/ms-files/EC_B2.mzXML,EC_B2,Arabitol,151.0605,10,295.50000000000006,277.0,315.0,s,0,targets.csv,12582.0,1560.0,10,3400.0,304.6310119628906,597.0,1069.5,1258.2,2803.0,"292.04,295.86,296.51,299.17,299.85,300.51,301.19,304.63,305.99,310.13","3400,1281,1467,1192,947,1348,739,664,947,597",5.057828392909131,5.158839504764977,5.487125618296476,0.008425110097990731,37858212969,13.471007347106934,9.131011962890568
/data/Metabolomics/ms-mint/230508__ms-mint-demofiles/ms-files/EC_B2.mzXML,EC_B2,Mevalonate,147.0657,10,180.0,100.0,266.0,s,0,targets.csv,40102.0,3411.0,29,5895.0,203.89700317382812,418.0,711.0,1382.8275862068965,5377.0,"100.21,100.97,101.73,102.49,103.25,104.0,104.76,105.52,106.28,107.04,107.8,108.56,109.31,110.07,110.83,111.59,133.23,136.26,137.02,146.12,148.4,158.25,163.56,164.32,196.16,198.98,203.9,222.9,252.5","5895,4338,4797,2558,3067,2237,818,2683,1478,864,884,742,623,575,580,711,552,496,435,418,441,458,759,420,442,627,981,705,518",4.283500875424779,4.491010703515218,5.009785273741314,0.0035943501960465076,37858212969,13.471007347106934,23.897003173828125
/data/Metabolomics/ms-mint/230508__ms-mint-demofiles/ms-files/EC_B2.mzXML,EC_B2,Nicotinate,122.02455,10,183.204,163.0,228.0,s,0,targets.csv,4260637.0,171241.0,83,180599.0,224.31700134277344,455.0,14883.0,51332.97590361446,1673.0,"168.11,168.87,169.62,170.38,171.14,171.9,172.66,173.42,174.18,174.93,175.69,176.45,177.21,177.97,178.72,179.48,180.24,181.0,181.76,182.52,183.27,184.03,184.79,185.55,186.31,187.07,187.82,188.58,189.34,190.1,190.86,191.61,192.37,193.13,193.89,194.65,195.4,196.16,196.88,197.58,198.3,198.98,199.7,200.4,201.1,201.8,202.5,203.21,203.9,204.61,205.3,206.0,206.7,207.4,208.09,208.79,209.5,210.2,210.9,211.6,212.31,213.02,213.74,214.45,215.17,215.88,216.58,217.28,217.99,218.68,219.39,220.09,220.8,221.5,222.2,222.9,223.61,224.32,225.03,225.74,226.46,227.19,227.9","455,644,682,695,3390,4499,7845,12570,24014,31929,45428,58754,79198,97979,114091,129834,128909,163018,158752,178012,174423,180599,158703,158749,170084,156643,148477,149831,141321,118158,120162,120679,125800,116411,100589,72734,65154,53724,109855,80275,43134,49944,36351,29044,27409,21895,17518,22329,21535,14847,12406,14449,14883,13061,12451,8272,8750,9419,8215,7663,6523,6187,6150,5217,5671,5170,3522,4830,4727,4389,4604,4015,3355,4601,3855,5454,4441,3919,6471,3772,2543,2449,2128",1.9496308900650998,2.3247715251872942,2.4498184035613595,0.03321071976531329,37858212969,13.471007347106934,41.11300134277343
/data/Metabolomics/ms-mint/230508__ms-mint-demofiles/ms-files/EC_B2.mzXML,EC_B2,Succinate,117.01905,10,122.634,122.2,150.0,s,0,targets.csv,410853486.0,22321280.0,39,33898604.0,130.35499572753906,517656.0,2840573.0,10534704.76923077,33380948.0,"122.62,123.26,123.9,124.53,125.17,125.8,126.43,127.07,127.71,128.36,129.02,129.68,130.35,131.04,131.75,132.49,133.23,133.99,134.75,135.51,136.26,137.02,137.78,138.54,139.3,140.05,140.81,141.57,142.33,143.09,143.85,144.6,145.36,146.12,146.88,147.64,148.4,149.15,149.91","33898604,33065236,33058486,32311116,29222756,28733192,31229444,27851386,27231488,22818652,20223274,15991338,13190415,10412220,7516615,6556764,4802019,4022800,3463791,2840573,2524687,2094909,2002105,1784412,1551595,1445207,1314741,1137843,1142693,1031083,939974,833496,795994,732758,702644,695002,602161,564357,517656",2.4174332486427987,2.808620556927219,3.004214211069429,0.002174167035144631,37858212969,13.471007347106934,7.720995727539062
/data/Metabolomics/ms-mint/230508__ms-mint-demofiles/ms-files/EC_B2.mzXML,EC_B2,Urocanate,137.0354,10,264.9,240.0,290.0,s,0,targets.csv,1693386.0,222319.0,55,237427.0,251.7530059814453,760.0,5141.0,30788.836363636365,1532.0,"240.47,241.23,241.97,242.71,243.46,244.21,244.96,245.71,246.47,247.22,247.98,248.74,249.49,250.24,251.0,251.75,252.5,253.25,254.01,254.75,255.47,256.17,256.88,257.57,258.24,258.94,259.64,260.36,261.08,261.83,262.58,263.32,264.05,264.78,265.48,266.16,266.83,267.5,268.17,268.86,269.57,270.29,271.0,271.7,272.37,273.02,273.68,274.34,275.01,275.69,276.41,277.13,277.85,287.81,289.0","6203,6082,5576,6865,5999,5141,5291,6572,4846,3197,2334,3418,3728,2919,2025,3133,1915,2176,1005,1053,760,2809,1073,1229,1267,1036,1349,3178,14861,51744,104651,181623,227922,237427,201609,151791,127544,77344,54386,36022,27801,23618,15682,14297,6957,6136,4690,8156,3650,5944,3734,1183,3550,4214,4671",2.1184862975379497,2.2298355478958864,2.341184798253823,0.0691696605527303,37858212969,13.471007347106934,-13.146994018554665
/data/Metabolomics/ms-mint/230508__ms-mint-demofiles/ms-files/EC_B2.mzXML,EC_B2,Xanthine,151.02585,10,250.0,208.0,290.8,s,0,targets.csv,135039.0,4402.0,75,5559.0,275.00799560546875,424.0,1119.0,1800.52,2410.0,"208.09,208.79,209.5,210.2,210.9,211.6,212.31,213.02,213.74,214.45,215.17,217.28,218.68,222.2,222.9,224.32,225.03,225.74,226.46,227.19,227.9,228.63,229.35,230.09,230.82,232.3,233.04,233.79,234.54,235.29,236.04,236.78,237.53,238.27,239.01,239.74,240.47,241.23,241.97,242.71,243.46,244.21,244.96,245.71,246.47,247.22,247.98,248.74,249.49,250.24,251.0,251.75,252.5,253.25,254.01,254.75,256.17,256.88,257.57,258.94,259.64,260.36,261.83,262.58,263.32,264.78,265.48,266.83,268.17,270.29,271.7,272.37,273.02,274.34,275.01","3128,4444,5559,3203,3856,3290,1111,866,1013,727,700,937,736,878,705,925,678,606,921,2467,728,720,820,1142,2718,2325,2046,2334,2161,2248,3577,3003,3142,3041,999,2636,2328,785,2395,2426,2524,2498,4028,3853,3326,4191,3183,4263,2485,3337,956,2069,882,496,424,843,869,755,783,839,574,1119,1842,575,659,624,927,922,1403,1136,592,871,867,1282,718",2.212085091782176,2.4141536656389033,2.6162222394956305,0.021265883159715757,37858212969,13.471007347106934,25.00799560546875
/data/Metabolomics/ms-mint/230508__ms-mint-demofiles/ms-files/EC_B3.mzXML,EC_B3,Arabitol,151.0605,10,295.50000000000006,277.0,315.0,s,0,targets.csv,37288.0,2513.0,24,4379.0,296.15899658203125,556.0,1039.0,1553.6666666666667,3744.0,"277.35,278.06,278.7,291.67,292.29,293.55,294.84,295.5,296.16,296.82,298.15,299.48,300.84,301.52,302.22,302.91,303.61,304.31,305.01,305.71,307.8,309.21,309.92,314.22","4379,3162,1427,2686,2319,1667,1696,1615,1638,3268,1003,1075,852,2830,763,699,820,919,947,909,732,691,556,635",4.8558061691974395,5.259850616620822,5.56288395218836,0.10430443608850001,38202531336,13.376178741455078,0.6589965820311932
/data/Metabolomics/ms-mint/230508__ms-mint-demofiles/ms-files/EC_B3.mzXML,EC_B3,Mevalonate,147.0657,10,180.0,100.0,266.0,s,0,targets.csv,29075.0,2871.0,26,6059.0,110.98899841308594,373.0,617.5,1118.2692307692307,5389.0,"100.38,101.13,101.89,102.65,103.41,104.17,104.93,105.68,106.44,107.2,107.96,109.47,110.23,110.99,133.47,139.39,141.66,144.7,150.76,151.52,162.9,168.96,178.82,201.21,212.57,218.93","6059,2556,2166,2409,1967,749,581,1608,934,373,589,1637,519,491,722,403,407,935,450,396,412,400,407,596,639,670",4.516949432026522,4.802275445650875,5.113540187786533,0.0013051286067696066,38202531336,13.376178741455078,-69.01100158691406
/data/Metabolomics/ms-mint/230508__ms-mint-demofiles/ms-files/EC_B3.mzXML,EC_B3,Nicotinate,122.02455,10,183.204,163.0,228.0,s,0,targets.csv,5471962.0,216289.0,82,228134.0,223.18899536132812,707.0,19499.0,66731.24390243902,2933.0,"165.93,168.96,169.72,170.48,171.24,171.99,172.75,173.51,174.27,175.03,175.79,176.54,177.3,178.06,178.82,179.58,180.33,181.09,181.85,182.61,183.37,184.13,184.88,185.64,186.4,187.16,187.92,188.68,189.43,190.19,190.95,191.71,192.47,193.22,193.98,194.74,195.5,196.26,197.01,197.7,198.4,199.1,199.8,200.5,201.21,201.91,202.6,203.31,204.02,204.72,205.43,206.14,206.85,207.56,208.26,208.97,209.68,210.4,211.11,211.84,212.57,213.27,213.99,214.7,215.4,216.11,216.81,217.52,218.23,218.93,219.64,220.35,221.05,221.77,222.48,223.19,223.91,224.63,225.34,226.05,226.78,227.52","707,756,888,2751,4541,7686,10904,20821,32458,49570,67895,85884,112781,139759,156411,169906,177184,206679,219018,228134,201715,224822,194682,213463,193736,192578,203125,163028,175188,155349,133739,149169,139858,143913,128561,105946,90110,72435,134651,106165,79945,58868,53129,44706,32342,35740,27896,20162,18836,17636,14826,16073,13621,14950,15459,13613,10758,9215,12243,9428,9978,8123,7820,9598,6378,9025,6761,6230,6162,6343,6623,4385,5690,4010,5506,5449,4833,3480,5154,5646,4716,3640",2.1372012076261973,2.262248086000262,2.3247715251872942,0.03438954248455476,38202531336,13.376178741455078,39.98499536132812
/data/Metabolomics/ms-mint/230508__ms-mint-demofiles/ms-files/EC_B3.mzXML,EC_B3,Succinate,117.01905,10,122.634,122.2,150.0,s,0,targets.csv,813536097.0,59947034.0,39,63001864.0,130.73899841308594,1474191.0,6960876.0,20859899.923076924,57931877.0,"122.75,123.35,123.96,124.56,125.16,125.76,126.37,126.97,127.59,128.2,128.82,129.45,130.09,130.74,131.4,132.08,132.76,133.47,134.17,134.89,135.63,136.38,137.14,137.88,138.64,139.39,140.15,140.91,141.66,142.42,143.18,143.94,144.7,145.46,146.21,146.97,147.73,148.49,149.25","59406068,63001864,57433172,60121432,51979688,60944480,62156316,58410424,43776368,39059044,40995612,34249292,28872588,22932408,18376308,15153359,11783941,10357450,8188234,6960876,6207468,5775373,4898346,4482898,4163045,3773979,3581621,3209333,2934284,2715746,2600718,2476810,2204933,2081424,1808223,1785374,1674829,1528578,1474191",2.9390163263553593,3.004214211069429,3.069412095783499,0.0121490869472424,38202531336,13.376178741455078,8.104998413085937
/data/Metabolomics/ms-mint/230508__ms-mint-demofiles/ms-files/EC_B3.mzXML,EC_B3,Urocanate,137.0354,10,264.9,240.0,290.0,s,0,targets.csv,138997.0,8088.0,51,8360.0,259.135986328125,716.0,1682.0,2725.4313725490197,5076.0,"240.18,240.93,241.68,242.43,243.18,243.94,244.7,245.46,246.22,246.97,247.73,248.49,249.25,250.01,250.76,251.52,252.28,253.04,253.78,254.51,255.19,255.86,256.51,257.16,257.82,258.48,259.14,259.82,261.23,261.95,262.68,263.41,264.14,264.86,265.55,266.24,267.59,268.28,268.98,269.7,270.42,271.14,271.83,272.52,273.85,274.51,275.2,275.91,276.62,278.06,289.83","8009,7063,7892,8360,8014,7185,7341,4964,5569,6239,3709,4040,2174,2062,2253,900,2722,1934,2319,1818,1073,1642,1506,1682,1346,1216,999,2721,973,2443,2259,1911,2934,1150,1402,1452,1057,872,1299,887,824,949,882,1356,1461,1409,1238,950,716,888,2933",2.0628116723589813,2.2298355478958864,2.45253404861176,0.05653574230198689,38202531336,13.376178741455078,-5.764013671874977
/data/Metabolomics/ms-mint/230508__ms-mint-demofiles/ms-files/EC_B3.mzXML,EC_B3,Xanthine,151.02585,10,250.0,208.0,290.8,s,0,targets.csv,302332.0,9133.0,85,10516.0,266.24200439453125,542.0,3353.0,3556.8470588235296,327.0,"208.26,208.97,209.68,210.4,211.11,211.84,212.57,213.27,213.99,215.4,216.11,216.81,217.52,218.93,219.64,220.35,221.05,221.77,222.48,223.19,223.91,224.63,225.34,226.05,226.78,227.52,228.25,228.98,229.72,230.46,231.21,231.95,232.7,233.44,234.19,234.93,235.69,236.43,237.19,237.94,238.69,239.44,240.18,240.93,241.68,242.43,243.18,243.94,244.7,245.46,246.22,246.97,247.73,248.49,249.25,250.01,250.76,251.52,252.28,253.04,253.78,255.19,257.16,257.82,258.48,259.14,259.82,260.52,261.23,261.95,262.68,263.41,264.14,264.86,265.55,266.24,266.92,267.59,268.28,269.7,270.42,271.14,271.83,279.88,286.85","3267,4894,5492,4588,2933,2728,1168,2428,2213,1216,601,1340,1078,755,903,1402,3667,3973,4326,2475,4566,5145,5254,6544,7612,6293,8917,7921,7378,5151,4625,4692,5321,4454,4286,3725,3333,2402,2452,3354,3081,3418,4115,3442,3463,2938,3733,2398,2709,2801,3523,3823,3157,2808,3248,924,1888,1939,781,2492,1924,999,1305,1069,1792,4710,4232,6623,5409,9309,10516,7575,5871,6110,4158,988,3240,3353,1287,549,544,772,542,4308,3594",2.212085091782176,2.4141536656389033,2.6162222394956305,0.05428259641574193,38202531336,13.376178741455078,16.24200439453125
/data/Metabolomics/ms-mint/230508__ms-mint-demofiles/ms-files/EC_B4.mzXML,EC_B4,Arabitol,151.0605,10,295.50000000000006,277.0,315.0,s,0,targets.csv,13889.0,1701.0,9,2679.0,290.0610046386719,859.0,1493.0,1543.2222222222222,1506.0,"290.06,291.91,292.52,293.78,295.06,298.33,302.34,303.02,305.07","2679,2425,1636,1493,1651,906,1067,859,1173",4.956817281053285,5.158839504764977,5.259850616620822,0.026621786902419006,39302878955,13.402551651000977,-5.438995361328182
/data/Metabolomics/ms-mint/230508__ms-mint-demofiles/ms-files/EC_B4.mzXML,EC_B4,Mevalonate,147.0657,10,180.0,100.0,266.0,s,0,targets.csv,28267.0,2442.0,29,4917.0,136.26400756835938,350.0,570.0,974.7241379310345,4196.0,"100.03,100.79,101.55,102.31,103.06,103.82,104.58,105.34,106.1,107.61,108.37,109.13,109.89,110.64,136.26,139.28,140.04,142.3,147.57,152.12,157.43,158.19,158.95,160.46,171.08,173.35,206.52,224.76,247.57","4917,2411,2283,2056,1732,1741,907,734,905,531,703,398,476,520,774,350,516,615,412,460,381,556,389,570,547,395,711,556,721",4.283500875424779,4.698520531605656,5.009785273741314,0.0027513650702089753,39302878955,13.402551651000977,-43.735992431640625
/data/Metabolomics/ms-mint/230508__ms-mint-demofiles/ms-files/EC_B4.mzXML,EC_B4,Nicotinate,122.02455,10,183.204,163.0,228.0,s,0,targets.csv,7121735.0,271097.0,82,288399.0,220.53199768066406,666.0,26019.5,86850.4268292683,5218.0,"168.8,169.56,170.32,171.08,171.84,172.59,173.35,174.11,174.87,175.63,176.38,177.14,177.9,178.66,179.42,180.18,180.93,181.69,182.45,183.21,183.97,184.72,185.48,186.24,187.0,187.76,188.51,189.27,190.03,190.79,191.55,192.31,193.07,193.82,194.58,195.34,196.1,196.84,197.52,198.21,198.89,199.58,200.28,200.97,201.65,202.35,203.04,203.74,204.45,205.14,205.83,206.52,207.21,207.9,208.6,209.29,209.98,210.69,211.4,212.11,212.83,213.54,214.25,214.96,215.67,216.37,217.05,217.76,218.44,219.14,219.85,220.53,221.23,221.93,222.63,223.33,224.04,224.76,225.48,226.19,226.89,227.6","666,3070,2510,5053,6483,13198,27003,40520,61846,78330,116884,136458,168866,200237,228745,250420,237800,288399,287093,282411,277529,286077,253206,269758,264210,232636,232227,213635,208500,201579,169429,180174,193057,161550,144599,110719,86891,148485,148034,103684,82722,68238,54959,52177,45861,44646,35807,24511,25036,24078,22907,23673,20709,18292,15326,18165,17977,14368,12492,12356,12161,10600,9385,9199,10460,8683,10427,7989,6770,6938,6945,5615,5450,7361,6476,5644,5377,6771,4052,7226,6051,5884",2.1372012076261973,2.3247715251872942,2.387294964374327,0.03769852019728947,39302878955,13.402551651000977,37.327997680664055
/data/Metabolomics/ms-mint/230508__ms-mint-demofiles/ms-files/EC_B4.mzXML,EC_B4,Succinate,117.01905,10,122.634,122.2,150.0,s,0,targets.csv,694149574.0,55388301.0,40,55908492.0,134.04299926757812,1154926.0,5440448.5,17353739.35,54717082.0,"122.5,123.11,123.71,124.32,124.93,125.54,126.15,126.76,127.38,128.0,128.63,129.26,129.9,130.56,131.23,131.91,132.61,133.32,134.04,134.78,135.53,136.26,137.02,137.77,138.53,139.28,140.04,140.8,141.55,142.3,143.06,143.81,144.57,145.33,146.06,146.82,147.57,148.33,149.09,149.85","55872008,55793456,55908492,54462956,51949372,47724380,50831052,44763940,40640524,35274688,32745010,24753166,22536758,18282612,13934318,11546212,10539524,7810714,6251234,5686011,5194886,4776141,3660276,3366101,3296225,2714580,2485868,2519680,2156301,2110908,1939376,1737351,1621277,1464024,1565069,1366830,1273256,1160417,1279655,1154926",2.9390163263553593,3.004214211069429,3.1998078652116395,0.0067201254240199055,39302878955,13.402551651000977,11.408999267578125
/data/Metabolomics/ms-mint/230508__ms-mint-demofiles/ms-files/EC_B4.mzXML,EC_B4,Urocanate,137.0354,10,264.9,240.0,290.0,s,0,targets.csv,123515.0,5053.0,42,9313.0,250.60000610351562,637.0,2412.0,2940.8333333333335,8185.0,"240.11,240.84,241.57,242.32,243.07,243.82,244.58,245.32,246.08,246.83,247.57,248.33,249.09,249.85,250.6,251.34,252.1,252.84,253.57,254.24,255.51,259.28,260.61,261.29,261.99,262.7,263.42,264.13,264.83,265.51,266.17,266.83,268.16,268.85,269.55,270.26,270.96,271.64,274.26,274.93,276.33,277.74","9313,5846,5821,6058,6632,6191,5602,7825,5473,6297,3757,2327,2851,2497,2232,2746,2792,2987,820,1205,1650,1095,755,3321,2662,3125,4244,1034,1346,637,1138,1691,1032,760,692,776,935,876,1275,3051,1020,1128",1.8957877968220764,2.1184862975379497,2.341184798253823,0.007632608365857903,39302878955,13.402551651000977,-14.299993896484352
/data/Metabolomics/ms-mint/230508__ms-mint-demofiles/ms-files/EC_B4.mzXML,EC_B4,Xanthine,151.02585,10,250.0,208.0,290.8,s,0,targets.csv,234073.0,7375.0,79,7962.0,270.2560119628906,640.0,2973.0,2962.9493670886077,4283.0,"208.6,209.29,209.98,210.69,211.4,212.11,212.83,213.54,214.96,218.44,219.14,219.85,220.53,221.23,221.93,222.63,223.33,225.48,226.19,226.89,227.6,228.31,229.02,229.75,230.48,231.2,231.93,232.67,233.42,234.16,234.91,235.66,236.4,237.14,237.89,238.63,239.36,240.11,240.84,241.57,242.32,243.07,243.82,244.58,245.32,246.08,246.83,247.57,248.33,249.09,249.85,250.6,251.34,252.1,252.84,253.57,256.74,257.37,257.99,258.63,259.28,259.94,260.61,261.29,261.99,262.7,263.42,264.13,264.83,265.51,266.17,268.16,268.85,269.55,270.26,270.96,273.61,274.26,274.93","5349,4662,4833,4517,3690,741,891,1009,1101,917,661,3051,3275,868,2913,1585,1173,2484,3223,4288,3710,3780,3503,3321,3487,2995,4521,2174,2563,3237,4070,2932,2708,673,2973,2596,998,3347,2469,3661,3072,2336,3225,3595,3143,3677,3284,4294,3579,3834,2104,978,905,830,918,2093,2053,1175,1925,5463,5961,4767,6485,7962,7680,6656,7396,5521,4655,2905,1592,963,2506,677,640,726,1191,1292,1066",2.212085091782176,2.4141536656389033,2.6667393829598125,0.02112587331350719,39302878955,13.402551651000977,20.256011962890625
/data/Metabolomics/ms-mint/230508__ms-mint-demofiles/ms-files/SA_B1.mzML,SA_B1,Arabitol,151.0605,10,295.50000000000006,277.0,315.0,s,0,targets.csv,50000.0,3034.0,25,5584.0,313.3580017089844,597.0,1365.0,2000.0,1951.0,"289.78,291.61,292.23,292.86,293.49,294.12,295.42,296.07,296.74,297.4,298.07,298.74,299.41,300.76,301.44,302.13,302.84,303.53,304.23,305.61,307.0,307.7,309.1,309.79,313.36","2548,5098,2235,4705,2715,4453,1659,5584,1860,1851,3308,1143,1040,918,744,2163,961,763,931,1365,745,920,684,1010,597",4.754795057341593,4.956817281053285,5.259850616620822,0.030063232360628883,35860623512,16.041327476501465,17.858001708984318
/data/Metabolomics/ms-mint/230508__ms-mint-demofiles/ms-files/SA_B1.mzML,SA_B1,Mevalonate,147.0657,10,180.0,100.0,266.0,s,0,targets.csv,12451187.0,178965.0,222,187444.0,253.052001953125,588.0,33141.0,56086.42792792793,3154.0,"100.43,101.19,101.95,102.71,103.46,104.22,104.98,105.74,106.5,107.25,108.01,108.77,109.53,110.29,111.05,111.8,112.56,113.32,114.08,114.84,115.6,116.35,117.11,117.86,118.62,119.38,120.14,120.9,121.65,122.41,123.17,123.93,124.69,125.45,126.2,126.96,127.72,128.48,129.24,129.99,130.75,131.51,132.27,133.03,133.79,134.54,135.3,136.06,136.82,137.58,138.34,139.1,139.85,140.61,141.37,142.13,142.89,143.64,144.4,145.16,145.92,146.68,147.44,148.19,148.95,149.71,150.47,151.23,151.99,152.74,153.5,154.26,155.02,155.78,156.53,157.29,158.05,158.81,159.57,160.32,161.08,161.84,162.6,163.36,164.12,164.88,165.63,166.39,167.15,167.91,168.67,169.43,170.18,170.94,171.7,172.46,173.22,173.97,174.73,175.49,176.25,177.01,177.76,178.52,179.28,180.04,180.8,181.56,182.32,183.07,183.83,184.59,185.35,186.11,186.86,187.62,188.38,189.14,189.9,190.65,191.41,192.17,192.93,193.69,194.45,195.21,195.96,196.71,197.41,198.12,198.82,199.52,200.22,200.92,201.61,202.31,203.02,203.72,204.41,205.09,205.79,206.48,207.18,207.89,208.6,209.3,210.01,210.72,211.43,212.13,212.84,213.56,214.26,214.97,215.68,216.38,217.09,217.8,218.5,219.2,219.9,220.6,221.32,222.02,222.74,223.44,224.14,224.86,225.57,226.28,227.0,227.72,228.45,229.17,229.9,230.62,231.35,232.1,232.86,233.6,234.34,235.09,235.84,236.57,237.32,238.05,238.79,239.53,240.27,241.03,241.77,242.51,243.25,244.01,244.76,245.52,246.27,247.02,247.77,248.52,249.27,250.03,250.79,251.54,252.3,253.05,253.8,254.54,255.27,256.02,256.76,257.48,258.2,258.95,259.68,260.43,261.19,261.95,262.71,263.47,264.19,264.91","3751,1960,2879,4360,3797,6029,7433,11378,17721,22405,32777,44113,59845,71643,82285,88401,109783,124168,130963,129638,146383,157973,161860,150627,165753,179148,177914,162795,168451,178204,183064,175427,185904,170695,172315,186378,176171,172237,179058,187444,170394,171151,181575,179682,163234,183634,172695,162039,152788,159656,155267,138340,139996,133166,132683,136024,134720,123509,120282,116189,109150,116823,108081,101513,100644,96417,93029,96843,100008,86845,85482,82306,76633,74720,78267,72143,73983,76883,59993,73242,65319,62135,59254,56366,57841,56127,53140,52822,51344,46965,44248,43861,40574,44560,46256,44751,32677,35017,43350,39047,36927,40729,38631,37287,38342,35156,27375,35835,31838,36639,36568,30152,30275,33291,31009,25561,25541,31820,29443,28350,28275,30725,42875,47200,41534,62666,54048,65353,43078,42780,44049,41879,38243,36552,39604,32752,32184,32991,29381,28681,30344,25281,26556,18370,22046,24459,19865,24267,22870,20438,17400,22761,19414,18956,18412,17114,18781,14397,13645,14803,15670,13326,13493,16169,15887,13420,13196,10259,13443,11505,9928,10564,9654,9552,9786,10231,10116,8513,8153,8164,11093,6188,8955,8365,7908,7385,7390,5167,4304,6923,6522,5505,5889,4765,4616,5287,2472,3427,5289,3021,4957,3859,2235,3560,1911,2611,4850,2307,2255,2473,2781,1024,3019,2601,3876,3076,2988,1819,588,854,835,597",4.283500875424779,4.387255789469998,4.491010703515218,0.013837381266100261,35860623512,16.041327476501465,73.052001953125
/data/Metabolomics/ms-mint/230508__ms-mint-demofiles/ms-files/SA_B1.mzML,SA_B1,Nicotinate,122.02455,10,183.204,163.0,228.0,s,0,targets.csv,2081502.0,84568.0,79,91697.0,224.13699340820312,439.0,7717.0,26348.12658227848,2952.0,"170.18,170.94,171.7,172.46,173.22,173.97,174.73,175.49,176.25,177.01,177.76,178.52,179.28,180.04,180.8,181.56,182.32,183.07,183.83,184.59,185.35,186.11,186.86,187.62,188.38,189.14,189.9,190.65,191.41,192.17,192.93,193.69,194.45,195.21,195.96,196.71,197.41,198.12,198.82,199.52,200.22,200.92,201.61,202.31,203.02,203.72,204.41,205.09,205.79,206.48,207.18,207.89,208.6,209.3,210.01,210.72,211.43,212.13,212.84,213.56,214.26,214.97,216.38,217.09,217.8,218.5,219.2,219.9,220.6,221.32,222.02,222.74,223.44,224.14,224.86,225.57,226.28,227.0,227.72","439,473,2011,3733,6527,7315,17980,21233,25578,42877,43783,56168,73550,70475,82341,81839,82086,91697,79922,75791,79473,83228,76514,69938,70230,70871,65968,59943,58113,58021,57838,49231,40788,35388,21052,43308,40068,25482,25544,16167,16301,12609,10056,8985,7011,12766,7029,3808,7717,5523,5174,4234,5663,3940,3785,3381,3433,4833,992,2775,2641,2852,2245,2490,3377,2672,811,2619,1019,1084,2581,2419,1095,2500,878,627,2235,968,3391",2.012154329252132,2.1372012076261973,2.262248086000262,0.03263116648914137,35860623512,16.041327476501465,40.93299340820312
/data/Metabolomics/ms-mint/230508__ms-mint-demofiles/ms-files/SA_B1.mzML,SA_B1,Succinate,117.01905,10,122.634,122.2,150.0,s,0,targets.csv,25545971.0,1759483.0,37,2732826.0,122.41300201416016,22371.0,120254.0,690431.6486486486,2710455.0,"122.41,123.17,123.93,124.69,125.45,126.2,126.96,127.72,128.48,129.24,129.99,130.75,131.51,132.27,133.03,133.79,134.54,135.3,136.06,136.82,137.58,138.34,139.1,139.85,140.61,141.37,142.13,142.89,143.64,144.4,145.16,145.92,146.68,147.44,148.19,148.95,149.71","2732826,2545624,2464820,2577308,2258497,2336490,2096405,1825908,1441786,1208610,905173,635857,445297,342592,268154,195916,162393,131098,120254,106862,88017,71137,65600,57185,52594,47745,45968,40262,34841,34438,40603,33127,31388,26643,25541,26641,22371",2.678224787499079,2.808620556927219,2.8738184416412893,0.0005304707259010023,35860623512,16.041327476501465,-0.2209979858398441
/data/Metabolomics/ms-mint/230508__ms-mint-demofiles/ms-files/SA_B1.mzML,SA_B1,Urocanate,137.0354,10,264.9,240.0,290.0,s,0,targets.csv,107570.0,4756.0,47,6013.0,256.7560119628906,553.0,1854.0,2288.723404255319,1878.0,"240.27,241.03,241.77,242.51,243.25,244.01,244.76,245.52,246.27,247.02,247.77,248.52,249.27,250.03,250.79,251.54,252.3,253.05,253.8,254.54,256.02,256.76,257.48,258.2,258.95,259.68,260.43,261.19,261.95,262.71,263.47,264.19,264.91,265.6,266.27,266.95,267.61,268.3,269.0,269.71,270.43,271.83,272.5,273.16,275.17,275.86,277.99","3254,6013,5003,4046,5966,3900,4391,5758,3249,4489,4107,2374,2440,833,2828,773,779,2321,1854,649,2054,553,1170,2128,1066,641,795,716,2572,2517,2517,4467,3133,3542,1270,1141,1481,794,1267,827,832,1280,884,1417,846,1257,1376",1.840113171643108,2.1184862975379497,2.2298355478958864,0.0730507468005494,35860623512,16.041327476501465,-8.143988037109352
/data/Metabolomics/ms-mint/230508__ms-mint-demofiles/ms-files/SA_B1.mzML,SA_B1,Xanthine,151.02585,10,250.0,208.0,290.8,s,0,targets.csv,144712.0,3976.0,77,4230.0,244.00599670410156,506.0,2026.0,1879.3766233766235,2486.0,"208.6,209.3,210.01,210.72,211.43,212.13,212.84,213.56,214.26,214.97,217.8,218.5,219.9,220.6,221.32,222.02,222.74,223.44,224.14,224.86,225.57,226.28,227.0,227.72,228.45,229.17,229.9,230.62,231.35,232.1,232.86,233.6,234.34,235.09,235.84,236.57,237.32,238.05,238.79,239.53,240.27,241.03,241.77,242.51,243.25,244.01,244.76,245.52,246.27,247.02,247.77,248.52,249.27,250.03,250.79,251.54,252.3,253.8,254.54,255.27,256.02,256.76,257.48,258.2,258.95,259.68,260.43,261.19,261.95,263.47,268.3,269.0,271.83,272.5,273.81,275.86,277.99","3537,4230,4161,2984,2460,2663,3096,974,1404,685,744,830,1203,1138,2561,821,791,945,2545,2311,2516,2421,2388,712,1060,1178,2827,3911,3051,2566,2790,2145,2026,740,2770,2351,2701,3377,3594,2118,2287,2602,2338,2654,2849,3300,2640,3479,2783,3782,2539,3050,2126,2023,719,590,923,506,1029,1125,942,1028,1024,700,644,713,668,707,759,567,647,821,1011,860,1215,686,1051",2.1110508048538126,2.3131193787105397,2.515187952567267,0.06442285045319812,35860623512,16.041327476501465,-5.9940032958984375
/data/Metabolomics/ms-mint/230508__ms-mint-demofiles/ms-files/SA_B2.mzML,SA_B2,Arabitol,151.0605,10,295.50000000000006,277.0,315.0,s,0,targets.csv,34015.0,3579.0,16,6790.0,302.8219909667969,783.0,1482.5,2125.9375,1773.0,"290.39,291.62,292.86,294.14,294.78,296.08,296.75,298.07,299.42,301.44,302.82,303.51,304.21,304.9,306.97,310.44","2759,2951,2458,6790,1489,1476,3479,3347,783,976,856,2793,840,921,1111,986",4.628531167521786,4.8558061691974395,4.982070059017246,0.0627262240931215,35657110461,16.003686904907227,7.321990966796818
/data/Metabolomics/ms-mint/230508__ms-mint-demofiles/ms-files/SA_B2.mzML,SA_B2,Mevalonate,147.0657,10,180.0,100.0,266.0,s,0,targets.csv,5763599.0,91528.0,219,94774.0,251.5229949951172,412.0,15043.0,26317.803652968036,3763.0,"100.18,100.94,101.69,102.45,103.21,103.97,104.73,105.49,106.24,107.0,107.76,108.52,109.28,110.04,110.79,111.55,112.31,113.07,113.83,114.58,115.34,116.1,116.86,117.62,118.38,119.13,119.89,120.65,121.41,122.16,122.92,123.68,124.44,125.2,125.96,126.71,127.47,128.23,128.99,129.75,130.5,131.26,132.02,132.78,133.54,134.29,135.05,135.81,136.57,137.33,138.09,138.85,139.6,140.36,141.12,141.88,142.64,143.39,144.15,144.91,145.67,146.43,147.18,147.94,148.7,149.46,150.22,150.98,151.73,152.49,153.25,154.01,154.77,155.52,156.28,157.04,157.8,158.56,159.32,160.07,160.83,161.59,162.35,163.11,163.87,164.62,165.38,166.14,166.9,167.66,168.41,169.17,169.93,170.69,171.45,172.21,172.96,173.72,174.48,175.24,176.0,176.76,177.51,178.27,179.03,179.79,180.55,181.3,182.06,182.82,183.58,184.34,185.1,185.85,186.61,187.37,188.13,188.89,189.65,190.4,191.16,191.92,192.68,193.44,194.2,194.95,195.71,196.47,197.19,197.89,198.59,199.3,200.0,200.7,201.42,202.12,202.81,203.5,204.2,204.9,205.6,206.29,206.99,207.69,208.39,209.09,209.8,210.51,211.22,211.92,212.64,213.35,214.06,214.77,215.48,216.2,216.89,217.61,218.29,218.99,219.7,220.4,221.1,221.8,222.52,223.23,223.96,224.68,225.4,226.12,226.84,227.55,228.27,229.0,229.73,230.47,231.22,231.96,232.7,233.45,234.2,234.94,235.7,236.45,237.21,237.95,238.7,239.46,240.21,240.96,241.71,242.46,243.22,243.98,244.73,245.48,246.23,246.99,247.75,248.51,249.27,250.02,250.78,251.52,252.28,253.04,253.79,254.52,255.26,256.0,256.76,257.51,258.24,258.98,259.73,260.48,261.24,261.99,262.75","4187,3694,4183,1929,2461,3575,3671,7075,7550,10546,13842,19400,20628,23231,31546,40404,43750,46770,62321,58015,60832,71264,60056,69679,75132,72401,65646,88001,78257,87179,71811,85370,79060,75443,83210,76026,65709,92362,90164,87119,94774,92692,85073,85953,90794,79789,75412,86404,80653,65600,81850,71030,65885,69859,68997,67920,64369,60815,54849,53161,52535,50055,50679,50401,48036,42724,39051,37163,39298,43863,39608,34386,41072,39512,41668,34670,33675,32071,32350,32247,32422,30688,32236,29136,24448,26684,23405,20803,19989,20892,23791,21112,17145,18716,22472,23151,18032,18797,19052,18626,18113,14304,18975,17486,12102,18317,15043,13156,13346,14220,12797,15823,14096,11395,10455,11230,13643,10495,14035,14116,13018,11945,18376,22841,24277,22962,24896,29332,22958,25519,17215,19691,20156,18055,17202,16161,11424,12364,13200,12686,16715,12597,14306,11123,13856,11214,8093,12775,10529,9290,8149,8548,8291,9091,8770,8098,6578,7603,6700,7822,8019,4287,6027,6058,5301,5918,5650,5888,5493,6004,5539,4218,7230,5063,6061,4960,3457,5892,4687,4994,3369,4936,2798,3882,4379,3748,3041,4239,2680,2575,1817,2385,2253,2299,2361,2243,2239,2589,2851,790,1723,971,608,747,1637,1499,2305,2297,766,1057,989,1036,2485,825,734,560,412,692,424",4.17974596137956,4.283500875424779,4.387255789469998,0.013812624399973331,35657110461,16.003686904907227,71.52299499511719
/data/Metabolomics/ms-mint/230508__ms-mint-demofiles/ms-files/SA_B2.mzML,SA_B2,Nicotinate,122.02455,10,183.204,163.0,228.0,s,0,targets.csv,1168280.0,47386.0,74,49117.0,221.8040008544922,491.0,7043.0,15787.567567567568,548.0,"169.17,171.45,172.21,172.96,173.72,174.48,175.24,176.0,176.76,177.51,178.27,179.03,179.79,180.55,181.3,182.06,182.82,183.58,184.34,185.1,185.85,186.61,187.37,188.13,188.89,189.65,190.4,191.16,191.92,192.68,193.44,194.2,194.95,195.71,196.47,197.19,197.89,198.59,199.3,200.0,200.7,201.42,202.12,202.81,203.5,204.2,204.9,205.6,206.29,206.99,207.69,208.39,209.09,209.8,210.51,211.22,211.92,212.64,213.35,214.06,214.77,215.48,216.2,216.89,217.61,218.29,218.99,219.7,221.1,221.8,223.96,224.68,225.4,226.84","491,713,1908,4032,5866,7765,10706,17655,19860,26086,28439,28278,40698,40632,47601,47670,47962,49042,48403,49117,44638,48411,41985,48257,36704,35887,29896,28076,25971,34994,25397,20343,14226,14865,23193,28266,18548,15145,8940,10656,10563,6753,7333,3938,5417,6073,6118,3475,2732,1343,3051,778,2703,3066,3208,2815,1316,1168,2596,735,1171,1173,1307,665,1045,1086,1389,974,1094,1090,964,2054,726,1039",1.8245840116910348,1.9496308900650998,2.1372012076261973,0.03617179931031286,35657110461,16.003686904907227,38.60000085449218
/data/Metabolomics/ms-mint/230508__ms-mint-demofiles/ms-files/SA_B2.mzML,SA_B2,Succinate,117.01905,10,122.634,122.2,150.0,s,0,targets.csv,23922307.0,2513905.0,37,2583209.0,123.68099975585938,1016.0,112013.0,646548.8378378379,2444216.0,"122.92,123.68,124.44,125.2,125.96,126.71,127.47,128.23,128.99,129.75,130.5,131.26,132.02,132.78,133.54,134.29,135.05,135.81,136.57,137.33,138.09,138.85,139.6,140.36,141.12,141.88,142.64,143.39,144.15,144.91,145.67,146.43,147.18,147.94,148.7,149.46","2468973,2583209,2489535,2341715,2423609,2009944,1780516,1729086,1331951,1099892,773727,532543,414574,287384,254672,172558,156363,131494,112013,93420,85620,76141,62369,59404,61513,48488,44729,42806,39972,37430,32208,30137,29805,27608,31126,24757",2.613026902785009,2.613026902785009,2.743422672213149,0.0038162275595408418,35657110461,16.003686904907227,1.0469997558593747
/data/Metabolomics/ms-mint/230508__ms-mint-demofiles/ms-files/SA_B2.mzML,SA_B2,Urocanate,137.0354,10,264.9,240.0,290.0,s,0,targets.csv,607914.0,76193.0,53,82270.0,274.5190124511719,469.0,3721.0,11470.075471698114,3630.0,"240.21,240.96,241.71,242.46,243.22,243.98,244.73,245.48,246.23,246.99,247.75,248.51,249.27,250.02,250.78,251.52,252.28,253.04,253.79,254.52,255.26,256.0,256.76,257.51,258.24,258.98,259.73,260.48,261.24,261.99,262.75,263.49,264.24,264.95,265.64,266.32,266.99,267.66,268.34,269.04,269.75,270.46,271.17,271.86,272.53,273.18,273.85,274.52,275.2,275.9,276.61,277.32,278.02","5035,5261,5470,5083,5476,5588,4643,3822,2913,4426,4129,3400,2556,2972,3183,2365,1851,981,1920,709,1873,469,2012,2056,1851,1955,789,3721,8359,22946,49860,73390,82270,72921,56455,44271,24172,17849,13848,8871,9271,5011,5933,3564,4697,3445,3111,2228,1564,2318,3118,528,1405",1.5617400457482664,1.7844385464641397,2.007137047180013,0.08996868213286736,35657110461,16.003686904907227,9.619012451171898
/data/Metabolomics/ms-mint/230508__ms-mint-demofiles/ms-files/SA_B2.mzML,SA_B2,Xanthine,151.02585,10,250.0,208.0,290.8,s,0,targets.csv,144149.0,3559.0,75,4995.0,271.85699462890625,534.0,1798.0,1921.9866666666667,3678.0,"208.39,209.09,209.8,210.51,211.22,211.92,212.64,214.06,214.77,216.2,216.89,217.61,218.29,219.7,220.4,221.1,221.8,222.52,223.23,224.68,225.4,226.12,226.84,227.55,228.27,229.0,229.73,230.47,231.22,231.96,232.7,233.45,234.2,234.94,235.7,236.45,237.21,237.95,238.7,239.46,240.21,240.96,241.71,242.46,243.22,243.98,244.73,245.48,246.23,246.99,247.75,248.51,249.27,250.02,250.78,251.52,253.04,253.79,254.52,255.26,256.76,257.51,258.24,258.98,259.73,260.48,261.24,261.99,262.75,264.24,266.99,268.34,271.86,272.53,273.18","4956,3190,3899,2586,4995,3097,3863,686,920,612,1007,625,746,1295,3207,715,650,827,1036,803,693,2437,3008,3017,2453,3115,2872,2327,948,2136,1003,2357,3938,2088,2872,2365,2084,2907,2193,2911,3624,3324,2739,2507,3266,3130,2067,1986,2922,2596,3792,3314,751,534,1694,980,1798,731,725,972,648,644,839,549,627,1597,543,1781,734,738,1175,854,586,665,1278",1.8079479440687218,2.010016517925449,2.212085091782176,0.011227873499953632,35657110461,16.003686904907227,21.85699462890625
/data/Metabolomics/ms-mint/230508__ms-mint-demofiles/ms-files/SA_B3.mzML,SA_B3,Arabitol,151.0605,10,295.50000000000006,277.0,315.0,s,0,targets.csv,36820.0,3224.0,22,3586.0,278.0150146484375,581.0,1360.0,1673.6363636363637,95.0,"277.3,278.02,288.7,290.51,291.12,292.36,293.63,295.56,296.88,298.24,298.92,299.59,300.95,301.63,302.32,303.03,303.73,304.43,305.12,305.82,307.2,310.72","744,581,3007,3586,3081,1729,1663,1599,3574,1439,1077,1066,2896,2607,769,683,753,2376,964,696,1281,649",4.8810589471614,5.108333948837053,5.411367284404592,0.04104782052199176,34550013129,15.87561321258545,-17.484985351562557
/data/Metabolomics/ms-mint/230508__ms-mint-demofiles/ms-files/SA_B3.mzML,SA_B3,Mevalonate,147.0657,10,180.0,100.0,266.0,s,0,targets.csv,4988616.0,74213.0,218,80813.0,262.60101318359375,472.0,13630.5,22883.559633027522,1600.0,"100.14,100.9,101.66,102.41,103.17,103.93,104.69,105.45,106.21,106.96,107.72,108.48,109.24,110.0,110.75,111.51,112.27,113.03,113.79,114.54,115.3,116.05,116.81,117.57,118.32,119.08,119.84,120.6,121.36,122.12,122.87,123.62,124.38,125.14,125.9,126.66,127.42,128.17,128.93,129.69,130.45,131.21,131.96,132.72,133.48,134.24,135.0,135.76,136.51,137.27,138.03,138.79,139.55,140.3,141.06,141.82,142.58,143.34,144.1,144.85,145.61,146.37,147.13,147.89,148.64,149.4,150.16,150.92,151.68,152.43,153.19,153.95,154.71,155.47,156.23,156.98,157.74,158.5,159.26,160.02,160.77,161.53,162.29,163.05,163.81,164.57,165.32,166.08,166.84,167.6,168.36,169.12,169.87,170.63,171.39,172.15,172.91,173.66,174.42,175.18,175.94,176.7,177.46,178.21,178.97,179.73,180.49,181.25,182.01,182.76,183.52,184.28,185.04,185.8,186.55,187.31,188.07,188.83,189.59,190.35,191.1,191.86,192.62,193.38,194.14,194.9,195.65,196.39,197.09,197.8,198.5,199.19,199.89,200.6,201.3,202.0,202.7,203.4,204.11,204.81,205.51,206.21,206.93,207.63,208.33,209.03,209.74,210.45,211.16,211.87,212.58,213.29,214.0,214.7,215.41,216.12,216.82,217.52,218.22,218.93,219.62,220.31,221.03,221.76,222.48,223.2,223.92,224.63,225.34,226.05,226.76,227.5,228.23,228.95,229.68,230.41,231.15,231.89,232.64,233.39,234.13,234.87,235.62,236.38,237.12,237.86,238.62,239.35,240.1,240.84,241.58,242.33,243.09,243.84,244.59,245.35,246.1,246.86,247.62,248.37,249.13,249.89,250.64,251.39,252.15,253.66,254.41,256.63,257.38,258.11,259.6,260.33,261.09,261.84,262.6,263.34,264.08,264.8","2204,940,815,2220,3040,3465,3588,3262,5284,11180,8568,15003,19602,24856,28498,36901,45025,47842,48880,52267,47014,51715,53915,61882,56389,59435,67556,61951,68190,58799,66367,77130,72076,55765,67374,65262,71617,75262,67596,78463,74213,80813,67614,74772,76495,79959,66363,70725,67573,65437,61423,57068,56443,56260,66633,60080,49840,51544,51842,45412,40141,45775,46688,43211,45851,42271,48815,40427,33236,39127,33026,28054,39809,32603,28176,29808,31743,27298,24066,30211,25723,24808,23545,22436,25454,26294,23408,18782,18116,18264,21050,16397,23269,15176,15540,17881,19909,20954,16098,16879,18254,15111,12623,14630,12738,13581,15078,14709,12684,11836,11075,11822,13680,13513,10314,9819,12282,12219,9047,10571,10262,13387,17447,18641,22024,22094,20213,21438,13966,18312,19662,16502,15981,12576,15232,13279,12289,11319,11297,8251,14409,10061,11108,7786,14103,12346,8731,9377,6136,9046,9334,5732,8644,6729,9160,10294,9222,6048,4356,7987,5515,4917,5633,5476,5171,4535,6248,4669,6084,6291,4881,4200,4831,5856,4374,4379,3744,2498,4775,4042,3127,5252,3771,2965,3974,3696,3102,2534,3411,2609,2817,3267,991,836,709,3761,723,1861,2131,522,1725,944,2157,1907,719,1783,1011,2264,543,737,472,685,1835,704,727,661,567,604",4.283500875424779,4.387255789469998,4.594765617560437,0.012161152395826552,34550013129,15.87561321258545,82.60101318359375
/data/Metabolomics/ms-mint/230508__ms-mint-demofiles/ms-files/SA_B3.mzML,SA_B3,Nicotinate,122.02455,10,183.204,163.0,228.0,s,0,targets.csv,1010664.0,42411.0,72,50718.0,223.9199981689453,493.0,5713.5,14037.0,115.0,"168.36,171.39,172.15,172.91,173.66,174.42,175.18,175.94,176.7,177.46,178.21,178.97,179.73,180.49,181.25,182.01,182.76,183.52,184.28,185.04,185.8,186.55,187.31,188.07,188.83,189.59,190.35,191.1,191.86,192.62,193.38,194.14,194.9,195.65,196.39,197.09,197.8,198.5,199.19,199.89,200.6,201.3,202.0,202.7,203.4,204.11,204.81,205.51,206.21,206.93,207.63,208.33,209.03,209.74,210.45,211.16,211.87,212.58,213.29,214.0,216.12,216.82,217.52,218.93,219.62,221.03,222.48,223.2,223.92,225.34,226.76,227.5","540,781,1904,2842,3238,4387,9666,12590,14894,22937,22409,35153,34498,36955,41839,45269,44326,48954,36851,50718,39665,39334,32495,33982,34728,28850,28123,30027,27550,28977,18058,20173,15646,10589,22358,18780,13196,11065,8586,7036,6014,6489,5413,3895,4108,2791,3417,1120,4262,2765,1324,2703,2074,4026,3422,911,945,2650,2095,919,734,1182,1123,1130,727,627,613,493,676,604,788,655",1.9965234694553742,2.1997246468132294,2.3247715251872942,0.03386281264173267,34550013129,15.87561321258545,40.715998168945305
/data/Metabolomics/ms-mint/230508__ms-mint-demofiles/ms-files/SA_B3.mzML,SA_B3,Succinate,117.01905,10,122.634,122.2,150.0,s,0,targets.csv,31956380.0,3436153.0,36,3578761.0,122.86699676513672,31158.0,154051.5,887677.2222222222,3430040.0,"122.87,123.62,124.38,125.14,125.9,126.66,127.42,128.17,128.93,129.69,130.45,131.21,131.96,132.72,133.48,134.24,135.0,135.76,136.51,137.27,138.03,138.79,139.55,140.3,141.06,141.82,142.58,143.34,144.1,144.85,145.61,146.37,147.13,147.89,148.64,149.4","3461198,3578761,3268502,2867958,3136572,2717079,2736746,2112425,1687653,1425847,1010656,821322,546621,404170,328674,273248,182758,169596,138507,126416,111566,98124,83920,80774,77748,62667,53937,57648,51328,44584,46228,45996,40106,38744,37143,31158",2.7271232010346314,2.776021614570184,2.8249200281057365,0.0027644202162692413,34550013129,15.87561321258545,0.2329967651367184
/data/Metabolomics/ms-mint/230508__ms-mint-demofiles/ms-files/SA_B3.mzML,SA_B3,Urocanate,137.0354,10,264.9,240.0,290.0,s,0,targets.csv,201526.0,14769.0,51,16653.0,252.1490020751953,517.0,2953.0,3951.4901960784314,5703.0,"240.1,240.84,241.58,242.33,243.09,243.84,244.59,245.35,246.1,246.86,247.62,248.37,249.13,249.89,250.64,251.39,252.15,252.91,253.66,254.41,255.15,255.9,256.63,257.38,258.11,258.85,259.6,260.33,261.09,261.84,262.6,263.34,264.08,264.8,265.5,266.18,266.86,267.54,268.23,268.92,269.63,270.35,271.06,271.77,272.45,273.8,274.46,275.15,276.56,277.3,278.02","6733,4750,3415,5307,4111,6005,5674,4668,5137,3357,2953,3322,2562,2618,759,3161,1776,2372,2464,849,737,1972,1967,598,517,711,2970,2047,2782,3927,8714,13706,16653,13950,15738,7553,5189,4018,4190,1044,2618,3685,2935,1220,3534,894,813,698,1236,1887,1030",1.8957877968220764,2.1184862975379497,2.341184798253823,0.04689698690466166,34550013129,15.87561321258545,-12.750997924804665
/data/Metabolomics/ms-mint/230508__ms-mint-demofiles/ms-files/SA_B3.mzML,SA_B3,Xanthine,151.02585,10,250.0,208.0,290.8,s,0,targets.csv,136622.0,5128.0,70,6498.0,223.1959991455078,391.0,2015.0,1951.7428571428572,3081.0,"208.33,209.03,209.74,210.45,211.16,211.87,212.58,213.29,214.7,215.41,216.12,216.82,218.22,219.62,220.31,221.03,221.76,223.2,225.34,226.05,226.76,227.5,228.23,228.95,229.68,230.41,231.15,231.89,232.64,233.39,234.13,234.87,235.62,236.38,237.12,237.86,238.62,239.35,240.1,240.84,241.58,242.33,243.09,243.84,244.59,245.35,246.1,246.86,247.62,248.37,249.13,249.89,250.64,251.39,252.15,252.91,253.66,254.41,255.9,256.63,258.11,258.85,261.09,261.84,263.34,264.08,266.86,269.63,271.06,275.15","3678,6498,5209,4165,2113,3430,1036,782,655,647,772,657,1072,934,1063,2177,864,744,658,719,1289,3066,3010,3437,961,2186,2423,2399,1843,2695,2267,3063,1976,2460,2326,2667,3138,3554,3354,2600,813,3305,2473,2054,3339,3217,1835,2446,3251,2946,3066,2121,1867,958,728,550,2480,551,497,2126,817,1008,646,391,774,863,655,709,952,597",2.1363093765859036,2.4141536656389033,2.6162222394956305,0.01929480710341307,34550013129,15.87561321258545,-26.804000854492188
/data/Metabolomics/ms-mint/230508__ms-mint-demofiles/ms-files/SA_B4.mzML,SA_B4,Arabitol,151.0605,10,295.50000000000006,277.0,315.0,s,0,targets.csv,63384.0,3470.0,26,6337.0,299.1700134277344,608.0,1828.0,2437.846153846154,88.0,"278.44,290.16,290.77,291.39,292.01,292.64,293.27,293.9,294.55,295.19,295.85,296.5,297.17,297.83,298.5,299.17,300.52,301.2,301.89,302.58,303.27,303.96,304.65,306.74,307.44,308.14","888,3370,6241,2467,2090,6337,1985,4360,1671,3721,1309,5119,3977,1545,1513,1318,1161,1374,2796,889,2818,2833,889,608,1129,976",4.8558061691974395,5.057828392909131,5.259850616620822,0.20377792193648814,35863205487,16.03006076812744,3.670013427734318
/data/Metabolomics/ms-mint/230508__ms-mint-demofiles/ms-files/SA_B4.mzML,SA_B4,Mevalonate,147.0657,10,180.0,100.0,266.0,s,0,targets.csv,11678172.0,173750.0,223,187768.0,265.35400390625,623.0,31404.0,52368.48430493273,2068.0,"100.74,101.5,102.26,103.02,103.77,104.53,105.29,106.05,106.81,107.57,108.32,109.08,109.84,110.6,111.36,112.12,112.87,113.63,114.39,115.15,115.91,116.67,117.42,118.18,118.94,119.7,120.46,121.21,121.97,122.73,123.49,124.25,125.01,125.76,126.52,127.28,128.04,128.8,129.55,130.31,131.07,131.83,132.59,133.35,134.1,134.86,135.62,136.38,137.14,137.9,138.65,139.41,140.17,140.93,141.69,142.45,143.2,143.96,144.72,145.48,146.24,146.99,147.75,148.51,149.27,150.03,150.79,151.54,152.3,153.06,153.82,154.58,155.34,156.09,156.85,157.61,158.37,159.13,159.88,160.64,161.4,162.16,162.92,163.68,164.43,165.19,165.95,166.71,167.47,168.23,168.98,169.74,170.5,171.26,172.02,172.77,173.53,174.29,175.05,175.81,176.57,177.32,178.08,178.84,179.6,180.36,181.12,181.87,182.63,183.39,184.15,184.91,185.66,186.42,187.18,187.94,188.7,189.46,190.21,190.97,191.73,192.49,193.25,194.01,194.76,195.52,196.28,197.01,197.7,198.4,199.1,199.8,200.49,201.19,201.89,202.59,203.29,203.99,204.69,205.38,206.08,206.79,207.49,208.19,208.9,209.61,210.32,211.03,211.74,212.44,213.15,213.85,214.55,215.26,215.98,216.69,217.4,218.12,218.83,219.53,220.23,220.93,221.63,222.34,223.05,223.76,224.46,225.18,225.91,226.63,227.35,228.07,228.8,229.53,230.26,231.0,231.74,232.49,233.25,233.99,234.74,235.49,236.24,236.99,237.73,238.48,239.21,239.97,240.71,241.47,242.23,242.97,243.7,244.45,245.2,245.95,246.7,247.45,248.21,248.96,249.72,250.48,251.22,251.98,252.73,253.48,254.24,254.98,255.71,256.46,257.19,257.93,258.67,259.41,260.16,260.9,261.66,262.42,263.18,263.93,264.65,265.35","3328,2942,2681,3101,5945,7104,7598,10937,22360,25050,35087,50476,62345,64482,93301,99760,100264,109710,125483,118582,134808,123614,146770,146136,164932,144893,168828,162737,162863,176266,156779,164053,162225,172752,168725,159929,148774,153803,175807,171939,175497,152074,165522,187768,167960,157541,171376,149156,153746,139247,120850,139546,135505,132982,128255,132606,126036,115130,113418,101224,115709,113281,96739,82258,89570,84483,94074,86604,82419,80631,77428,78219,71333,77250,73575,65989,70924,71333,57501,58397,60915,58004,52775,55739,55113,47105,50026,43294,46506,41494,49103,39435,44775,47262,39142,32866,36535,39554,41039,36519,34561,37187,36925,33065,33011,34298,32863,30576,29310,31404,23885,29033,28104,25284,27744,27352,30265,25910,23429,18914,24646,27445,47117,43071,46348,57950,51823,55262,45180,43910,46812,42684,35371,35721,34665,29411,37572,24800,27283,29649,22020,26420,23904,22604,25804,20427,21999,21473,18063,20611,18149,19061,19254,14463,16266,12731,17793,14134,16208,13979,13446,10199,13291,9593,12338,15525,14886,12771,11294,9868,10227,9664,13962,9607,10651,9013,8131,8926,10308,8247,9244,7643,4842,6901,7759,7530,7881,5875,4832,6588,6043,5188,4567,5470,3575,4320,3546,2796,3243,2775,4449,2709,3158,2248,1725,2648,2620,2639,2148,623,3213,683,3593,2475,4112,755,1730,2068,2181,1885,2481,1260",4.283500875424779,4.283500875424779,4.491010703515218,0.011864893850370211,35863205487,16.03006076812744,85.35400390625
/data/Metabolomics/ms-mint/230508__ms-mint-demofiles/ms-files/SA_B4.mzML,SA_B4,Nicotinate,122.02455,10,183.204,163.0,228.0,s,0,targets.csv,1921356.0,77821.0,79,82971.0,224.45599365234375,435.0,8267.0,24320.962025316454,1743.0,"168.98,169.74,171.26,172.02,172.77,173.53,174.29,175.05,175.81,176.57,177.32,178.08,178.84,179.6,180.36,181.12,181.87,182.63,183.39,184.15,184.91,185.66,186.42,187.18,187.94,188.7,189.46,190.21,190.97,191.73,192.49,193.25,194.01,194.76,195.52,196.28,197.01,197.7,198.4,199.1,199.8,200.49,201.19,201.89,202.59,203.29,203.99,204.69,205.38,206.08,206.79,207.49,208.19,208.9,209.61,210.32,211.03,211.74,212.44,213.15,213.85,214.55,215.26,215.98,216.69,217.4,218.12,218.83,219.53,220.23,221.63,222.34,223.76,224.46,225.18,225.91,226.63,227.35","435,645,2091,3105,4858,7611,12579,15085,23960,29448,42838,48521,57304,61196,63785,68723,74024,80784,78939,76624,76653,82971,73841,70167,68462,63902,60794,58969,53173,50695,43505,54111,37591,37852,29105,18360,39666,32896,17969,17302,14570,12735,13786,8267,10688,8184,6177,8600,6310,8007,7272,4224,4183,3811,3401,3990,3584,4213,3431,3617,3330,3121,965,2530,1080,2861,2164,3112,790,2585,1010,3174,1247,3740,2411,2416,982,2178",2.012154329252132,2.1372012076261973,2.262248086000262,0.03265680417937339,35863205487,16.03006076812744,41.25199365234374
/data/Metabolomics/ms-mint/230508__ms-mint-demofiles/ms-files/SA_B4.mzML,SA_B4,Succinate,117.01905,10,122.634,122.2,150.0,s,0,targets.csv,27095211.0,1873336.0,36,2903296.0,122.73100280761719,24201.0,140994.0,752644.75,2877737.0,"122.73,123.49,124.25,125.01,125.76,126.52,127.28,128.04,128.8,129.55,130.31,131.07,131.83,132.59,133.35,134.1,134.86,135.62,136.38,137.14,137.9,138.65,139.41,140.17,140.93,141.69,142.45,143.2,143.96,144.72,145.48,146.24,146.99,147.75,148.51,149.27","2903296,2716713,2841678,2719333,2649623,2387845,2079650,1774628,1536695,1219834,902325,670433,454723,334550,281338,217847,178549,161649,120339,112727,94308,78128,82276,73930,60461,55845,51205,48692,50019,42533,38843,39702,34978,30756,24201,25559",2.5478290180709386,2.678224787499079,2.743422672213149,0.0005800789281232055,35863205487,16.03006076812744,0.09700280761718716
/data/Metabolomics/ms-mint/230508__ms-mint-demofiles/ms-files/SA_B4.mzML,SA_B4,Urocanate,137.0354,10,264.9,240.0,290.0,s,0,targets.csv,337074.0,29242.0,53,36457.0,277.760986328125,561.0,3264.0,6359.88679245283,3155.0,"240.71,241.47,242.23,242.97,243.7,244.45,245.2,245.95,246.7,247.45,248.21,248.96,249.72,250.48,251.22,251.98,252.73,253.48,254.24,254.98,256.46,257.19,257.93,258.67,259.41,260.16,260.9,261.66,262.42,263.18,263.93,264.65,265.35,266.04,266.71,267.38,268.06,268.75,269.45,270.17,270.89,271.59,272.27,272.94,273.59,274.26,274.93,275.62,276.33,277.05,277.76,278.44,283.1","6593,5143,5757,6258,6384,6732,4902,4705,3539,3382,2543,3217,2003,1012,979,1731,2366,2281,952,873,561,634,982,1766,1006,1997,4815,8260,19600,36457,31669,34308,28741,23551,12672,8849,5300,4710,1205,3643,3349,2899,1484,3712,1170,1209,2920,906,2315,3264,1082,938,9748",1.7844385464641397,2.007137047180013,2.1184862975379497,0.06572099735165148,35863205487,16.03006076812744,12.860986328125023
/data/Metabolomics/ms-mint/230508__ms-mint-demofiles/ms-files/SA_B4.mzML,SA_B4,Xanthine,151.02585,10,250.0,208.0,290.8,s,0,targets.csv,142158.0,4355.0,71,4755.0,214.55499267578125,487.0,1981.0,2002.225352112676,2948.0,"208.19,208.9,209.61,210.32,211.03,211.74,212.44,213.85,214.55,218.83,219.53,220.23,220.93,221.63,222.34,223.05,223.76,225.18,225.91,227.35,228.07,228.8,229.53,230.26,231.0,231.74,232.49,233.25,233.99,234.74,235.49,236.24,236.99,237.73,238.48,239.21,239.97,240.71,241.47,242.23,242.97,243.7,244.45,245.2,245.95,246.7,247.45,248.21,248.96,249.72,250.48,251.22,251.98,252.73,253.48,254.98,255.71,256.46,257.19,257.93,259.41,260.16,261.66,263.18,263.93,266.71,273.59,274.26,275.62,276.33,278.44","3807,4755,4504,4662,3813,3681,2260,614,665,1338,1011,2856,1155,1016,1128,667,902,922,675,3401,3395,2052,2237,2401,2952,2274,3159,1942,1898,2156,3416,2454,2731,1981,2545,2259,1910,854,2072,2112,2047,3603,3282,2773,2389,2904,3918,2847,2925,2771,2091,716,731,1053,1665,881,823,697,788,1758,1922,602,559,487,1942,883,878,720,1032,980,859",2.0605336613896306,2.212085091782176,2.4141536656389033,0.010584303404510621,35863205487,16.03006076812744,-35.44500732421875
