ms_file,peak_label,mz_mean,mz_width,rt,rt_min,rt_max,rt_unit,intensity_threshold,target_filename,peak_area,peak_area_top3,peak_n_datapoints,peak_max,peak_rt_of_max,peak_min,peak_median,peak_mean,peak_delta_int,peak_shape_rt,peak_shape_int,peak_mass_diff_25pc,peak_mass_diff_50pc,peak_mass_diff_75pc,peak_score,total_intensity,ms_path,ms_file_size
CA_B1.mzXML,Arabitol,151.0605,10,295.50000000000006,279.0,312.0,s,0,targets.csv,1421703.5625,155280.5390625,52,60581.7421875,280.553,6006.99951171875,29056.74609375,27340.453125,655.58154296875,"279.18,279.86,280.55,281.25,281.96,282.68,283.4,284.14,284.79,285.4,285.99,286.57,287.15,287.74,288.32,288.89,289.47,290.06,290.65,291.24,291.82,292.42,293.01,293.62,294.22,294.82,295.44,296.05,296.67,297.3,297.93,298.57,299.2,299.84,300.48,301.14,301.81,302.47,303.13,303.8,304.48,305.15,305.82,306.49,307.17,307.84,308.52,309.19,309.87,310.55,311.24,311.94","6006,9870,14188,20467,35327,41981,46871,60581,47827,42259,42934,32004,25914,39520,29305,37256,38839,21099,26076,42022,30493,39678,41194,36949,37599,38162,42741,36434,32509,37321,35489,24598,26827,28807,31837,31070,21117,24357,20735,14779,15556,14225,15988,14092,10049,9361,12149,9771,6553,7050,7179,6662",2.330528372801293,2.482045040585062,2.6335617083688305,0.061348510934999045,25526356087.628845,/data/Metabolomics/ms-mint/demofiles/ms-files,12.731822967529297
CA_B1.mzXML,Xanthine,151.02585,10,262.35900000000004,250.79999999999998,271.8,s,0,targets.csv,285169.7958984375,45640.798828125,28,15925.0537109375,271.249,5975.22216796875,9841.90478515625,10184.635567801339,7568.7353515625,"250.81,251.57,252.33,253.08,253.84,254.6,255.36,256.12,256.88,257.64,258.39,259.15,259.91,260.67,261.43,262.18,262.94,263.7,264.46,265.2,265.96,266.71,267.47,268.23,268.99,269.75,270.5,271.25","15925,12330,14286,15428,13416,10766,9708,8893,10486,9922,9282,9761,10774,9244,10793,13590,10326,8253,10156,7976,6949,8028,7226,8483,5975,8630,10194,8356",-0.4148063683552773,-0.2127377944985501,-0.1117035075701865,0.04243023293502693,25526356087.628845,/data/Metabolomics/ms-mint/demofiles/ms-files,12.731822967529297
CA_B1.mzXML,Succinate,117.01905,10,122.63399999999999,52.2,150.0,s,0,targets.csv,11462199.049835205,2341698.4375,130,781454.9375,73.7882,407.9635314941406,4589.85595703125,88170.76192180927,3007.3040771484375,"52.56,53.32,54.07,54.83,55.59,56.35,57.11,57.86,58.62,59.38,60.14,60.9,61.66,62.41,63.17,63.93,64.69,65.45,66.21,66.96,67.72,68.48,69.24,70.0,70.76,71.51,72.27,73.03,73.79,74.55,75.3,76.06,76.82,77.58,78.34,79.1,79.85,80.61,81.37,82.13,82.89,83.65,84.4,85.16,85.92,86.68,87.44,88.19,88.95,89.71,90.47,91.23,91.99,92.74,93.5,94.26,95.02,95.78,96.54,97.29,98.05,98.81,99.57,100.33,101.08,101.84,102.6,103.36,104.12,104.88,105.63,106.39,107.15,107.91,108.67,109.42,110.18,110.94,111.7,112.46,113.22,113.98,114.73,115.49,116.25,117.01,117.77,118.52,119.28,120.04,120.8,121.56,122.32,123.07,123.83,124.59,125.35,126.11,126.86,127.62,128.38,129.14,129.9,130.66,131.42,132.17,132.93,133.69,134.45,135.21,135.96,136.72,137.48,138.24,139.0,139.76,140.51,141.27,142.03,142.79,143.55,144.3,145.06,145.82,146.58,147.34,148.1,148.85,149.61","1628,2304,3359,2396,2706,3297,3185,3066,2173,2743,864,1865,780,588,1759,781,2246,2288,873,1708,3339,2217,2048,1669,1890,3144,2905,2948,1928,2276,1712,2900,2779,2351,2629,3202,3411,2398,2391,2777,3305,2650,2241,2749,1837,1799,3941,4379,4418,3256,3969,2636,3967,2244,3888,4972,7211,16881,25243,52965,88132,190340,291330,428299,537784,630920,697407,780933,775775,779310,781454,770717,719451,696952,649254,561301,434958,286148,189184,144502,102981,80033,61764,56466,39326,30992,31385,24828,23510,24092,20340,14608,17542,14418,14203,13654,13245,9973,8776,11262,9934,10670,8331,8560,6968,7021,7312,6372,6850,6427,4883,7659,4911,6656,5603,5577,4703,4850,4454,4414,4146,4543,4866,3679,2836,3372,3603,4271,4636",0.07030939893627627,0.2007051683644164,0.314801466614039,0.03518487545921213,25526356087.628845,/data/Metabolomics/ms-mint/demofiles/ms-files,12.731822967529297
CA_B1.mzXML,Urocanate,137.0354,10,264.9,258.0,276.0,s,0,targets.csv,45921.02749633789,15598.98876953125,20,5561.83203125,262.184,451.5150146484375,1854.760498046875,2296.0513748168946,296.75079345703125,"258.39,259.15,259.91,260.67,261.43,262.18,262.94,263.7,264.46,265.2,265.96,266.71,267.47,268.23,268.99,269.75,271.25,272.71,274.89,275.62","451,911,869,2694,5126,4307,4910,5561,2827,2801,1985,969,1758,1614,1619,2580,1748,1950,484,748",-0.6930822739999519,-0.33119721033665767,-0.10849870962078424,0.12396138292464863,25526356087.628845,/data/Metabolomics/ms-mint/demofiles/ms-files,12.731822967529297
CA_B1.mzXML,Mevalonate,147.0657,10,180.0,102.0,258.0,s,0,targets.csv,10797.67935180664,2556.1340942382812,21,1240.5244140625,133.689,333.55023193359375,475.69024658203125,514.1752072288876,70.61578369140625,"105.63,106.39,114.73,115.49,123.83,125.35,127.62,129.9,132.17,132.93,133.69,135.21,136.72,142.03,145.82,148.1,148.85,167.81,182.22,193.59,198.87","333,377,475,479,444,428,548,562,721,511,1240,488,424,453,415,404,594,566,371,552,404",1.6896280242942976,2.104647680475175,2.208402594520394,0.01558417078786018,25526356087.628845,/data/Metabolomics/ms-mint/demofiles/ms-files,12.731822967529297
CA_B1.mzXML,Nicotinate,122.02455,10,183.204,165.0,225.0,s,0,targets.csv,160992.5313720703,25949.755859375,49,9073.8056640625,179.185,455.1787109375,2340.9775390625,3285.561864736129,162.06008911132812,"173.88,176.91,178.43,179.18,179.94,180.7,181.46,182.22,182.98,183.73,184.49,185.25,186.01,186.77,187.52,188.28,189.04,189.8,190.56,191.32,192.08,192.83,193.59,194.35,195.1,195.85,196.6,197.36,198.12,198.87,199.63,200.39,201.13,201.88,202.64,203.4,204.15,204.88,206.39,207.15,207.9,208.64,209.4,210.15,211.67,212.43,213.19,220.62,224.28","647,811,698,455,1794,2279,3196,2557,3740,4891,6199,4494,8818,7452,6829,7238,8057,9073,7415,7387,3730,5043,5825,6338,4019,4722,3485,3349,4439,3023,2034,2011,2340,1963,1731,919,1129,879,703,635,1613,1940,791,1313,613,479,761,624,485",-0.801400434164328,-0.6763535557902631,-0.48878323822916575,0.057545092756677484,25526356087.628845,/data/Metabolomics/ms-mint/demofiles/ms-files,12.731822967529297
CA_B1.mzXML,Citrulline,174.0881,10,504.04200000000003,501.0,510.0,s,0,targets.csv,30481.532257080078,26977.16162109375,7,15208.07421875,505.53299999999996,341.7514953613281,1911.4190673828125,4354.504608154297,4866.334930419922,"504.78,505.53,506.29,507.05,507.81,508.56,509.32","5208,15208,6561,1911,666,584,341",-0.7206216861085312,-0.5891469696072309,-0.5453220641067975,0.2214335659197871,25526356087.628845,/data/Metabolomics/ms-mint/demofiles/ms-files,12.731822967529297
CA_B2.mzXML,Arabitol,151.0605,10,295.50000000000006,279.0,312.0,s,0,targets.csv,861289.9650878906,98912.162109375,49,33862.05078125,280.409,2034.729736328125,17028.486328125,17577.346226283484,2884.794677734375,"279.69,280.41,281.15,281.91,282.66,283.42,284.18,284.85,285.47,286.06,286.65,287.23,287.82,288.41,289.01,289.6,290.19,290.79,291.39,291.99,292.59,293.2,293.81,294.43,295.06,295.69,296.33,296.97,297.62,298.28,298.96,299.63,300.32,301.0,301.69,302.39,303.09,303.81,304.53,305.26,305.99,306.71,307.43,308.17,308.91,309.62,310.35,311.09,311.82","4919,6788,10142,15199,19792,31971,33078,31818,26588,16181,16072,15446,30283,16759,25498,21549,28309,24158,27700,17270,22371,21092,24532,18771,25160,28831,33862,19196,17838,17028,20181,19339,16970,10193,19277,12929,16001,15736,10153,9819,10388,7165,9858,7952,7118,6609,5845,5494,2034",2.532550596512985,2.532550596512985,2.6335617083688305,0.056011669213923816,23900678292.565353,/data/Metabolomics/ms-mint/demofiles/ms-files,12.576957702636719
CA_B2.mzXML,Xanthine,151.02585,10,262.35900000000004,250.79999999999998,271.8,s,0,targets.csv,285687.62548828125,45341.6064453125,28,17566.603515625,256.368,7067.08349609375,9705.43310546875,10203.12948172433,9665.8837890625,"251.06,251.82,252.58,253.33,254.09,254.85,255.61,256.37,257.13,257.88,258.64,259.4,260.16,260.92,261.68,262.43,263.19,263.95,264.71,265.47,266.23,266.98,267.74,268.5,269.26,270.02,270.77,271.53","17566,11947,11031,11500,12713,11250,14028,10233,13746,11083,10864,9031,9384,10295,8203,9751,8927,9562,9659,10737,7933,7557,8015,9321,7067,8321,8047,7900",-0.1117035075701865,0.03984792282235888,0.09036506628654069,0.0671264243807322,23900678292.565353,/data/Metabolomics/ms-mint/demofiles/ms-files,12.576957702636719
CA_B2.mzXML,Succinate,117.01905,10,122.63399999999999,52.2,150.0,s,0,targets.csv,12518019.4319458,2516393.4375,131,861603.125,148.723,560.9583129882812,5017.0419921875,95557.40024386108,1616.35498046875,"52.43,53.19,53.95,54.71,55.46,56.22,56.98,57.74,58.49,59.25,60.01,60.76,61.52,62.28,63.04,63.8,64.56,65.31,66.07,66.83,67.59,68.35,69.11,69.86,70.62,71.38,72.14,72.9,73.66,74.41,75.17,75.93,76.69,77.45,78.21,78.96,79.72,80.48,81.24,82.0,82.75,83.51,84.27,85.03,85.79,86.55,87.3,88.06,88.82,89.58,90.34,91.1,91.85,92.61,93.37,94.13,94.89,95.65,96.4,97.16,97.92,98.68,99.44,100.2,100.95,101.71,102.47,103.23,103.99,104.74,105.5,106.26,107.02,107.78,108.54,109.29,110.05,110.81,111.57,112.33,113.08,113.84,114.6,115.36,116.12,116.88,117.64,118.39,119.15,119.91,120.67,121.43,122.18,122.94,123.7,124.46,125.22,125.98,126.73,127.49,128.25,129.01,129.77,130.52,131.28,132.04,132.8,133.56,134.32,135.07,135.83,136.59,137.35,138.11,138.87,139.62,140.38,141.14,141.9,142.66,143.42,144.17,144.93,145.69,146.45,147.21,147.96,148.72,149.48","2164,1842,1843,1621,2802,2883,4238,2277,3510,2533,2492,1388,2494,1647,2782,2288,1710,1700,3035,2825,2046,1699,2539,4205,3197,2361,3203,2878,4437,2203,3164,2515,2860,2871,2977,3141,2297,3594,2992,3670,2623,2293,2501,3182,2419,2653,4357,4219,3663,2677,2815,2813,4515,4340,5109,6096,6344,14434,22073,44274,80772,149669,249280,371930,472744,608632,707543,754145,809477,810493,861603,844297,780403,753933,709611,739057,583608,444152,351702,208575,185515,110386,89451,64927,49368,42639,36820,29374,29334,23229,21831,16310,15437,18235,11922,14639,11977,10207,11660,8635,10353,7906,9384,6694,7292,6666,6765,6329,7133,7121,7121,6127,4069,5017,5221,5014,5210,5464,4356,6038,4006,5683,4834,4310,5195,4555,4861,5531,3781",0.037710456579241235,0.13550728365034634,0.2007051683644164,0.020527732384010275,23900678292.565353,/data/Metabolomics/ms-mint/demofiles/ms-files,12.576957702636719
CA_B2.mzXML,Urocanate,137.0354,10,264.9,258.0,276.0,s,0,targets.csv,49010.7809753418,18220.21044921875,20,7086.74560546875,260.917,459.7257385253906,2221.8099365234375,2450.5390487670898,43.2449951171875,"258.64,260.16,260.92,261.68,262.43,263.19,263.95,264.71,265.47,266.23,266.98,267.74,268.5,269.26,270.77,271.53,272.27,273.0,273.74,274.5","524,2389,2444,3782,5100,6032,7086,3912,1911,2864,2335,2107,715,2483,891,1855,459,901,727,481",-0.6930822739999519,-0.33119721033665767,-0.10849870962078424,0.10686809665066498,23900678292.565353,/data/Metabolomics/ms-mint/demofiles/ms-files,12.576957702636719
CA_B2.mzXML,Mevalonate,147.0657,10,180.0,102.0,258.0,s,0,targets.csv,27692.834594726562,2912.746337890625,49,1320.25146484375,102.47,335.4228210449219,549.4705200195312,565.1598896882972,117.995849609375,"102.47,113.84,119.15,119.91,122.94,123.7,124.46,126.73,127.49,129.77,130.52,131.28,132.04,132.8,133.56,134.32,135.07,135.83,139.62,142.66,143.42,144.17,144.93,145.69,146.45,147.21,149.48,151.76,153.27,154.03,154.79,157.06,160.09,160.85,163.89,166.92,167.68,168.44,169.19,169.95,171.47,172.23,187.39,191.94,193.46,203.14,204.64,214.29,234.38","553,605,416,357,695,610,716,690,510,515,805,600,425,1320,559,460,688,565,705,403,547,518,531,513,787,722,335,503,457,607,503,568,565,541,549,441,369,612,610,594,392,474,577,531,625,581,468,518,435",1.7933829383395168,2.0008927664299554,2.312157508565613,0.011424479409181176,23900678292.565353,/data/Metabolomics/ms-mint/demofiles/ms-files,12.576957702636719
CA_B2.mzXML,Nicotinate,122.02455,10,183.204,165.0,225.0,s,0,targets.csv,405214.1758117676,61672.9140625,61,21670.97265625,223.852,386.9817810058594,3610.072998046875,6642.855341176518,101.63531494140625,"165.4,166.16,177.53,178.29,179.05,179.81,180.57,181.32,182.08,182.84,183.6,184.36,185.12,185.88,186.63,187.39,188.15,188.91,189.67,190.42,191.18,191.94,192.7,193.46,194.22,194.97,195.7,196.45,197.18,197.92,198.66,199.39,200.14,200.89,201.64,202.4,203.14,203.89,204.64,205.38,206.13,206.86,207.57,208.32,209.05,209.79,210.53,211.28,212.03,212.78,213.53,215.05,215.8,216.54,217.3,218.77,220.21,221.66,222.39,223.85,224.59","386,422,557,418,2308,2066,2741,5123,7423,8764,11277,11387,15858,15276,15834,15497,18054,18703,16254,17015,21670,16026,20889,12311,10875,18032,19112,10937,12291,7095,7274,4648,5812,4933,3617,4044,3755,3610,2946,2638,3220,2640,2145,2489,2483,555,1762,2140,804,727,702,880,964,978,540,868,874,666,797,585,488",-0.48878323822916575,-0.3637363598551009,-0.23868948148103597,0.03319226065370677,23900678292.565353,/data/Metabolomics/ms-mint/demofiles/ms-files,12.576957702636719
CA_B2.mzXML,Citrulline,174.0881,10,504.04200000000003,501.0,510.0,s,0,targets.csv,31680.464111328125,26845.1005859375,6,13242.328125,506.50899999999996,517.017333984375,4519.590576171875,5280.0773518880205,6866.977783203125,"504.99,505.75,506.51,507.27,508.02,509.54","7383,13242,6218,2820,1497,517",-0.5891469696072309,-0.5453220641067975,-0.3700224421050639,0.0698102288471707,23900678292.565353,/data/Metabolomics/ms-mint/demofiles/ms-files,12.576957702636719
CA_B3.mzXML,Arabitol,151.0605,10,295.50000000000006,279.0,312.0,s,0,targets.csv,1767759.20703125,230185.0234375,53,78222.2109375,281.532,1076.10009765625,31871.474609375,33353.947302476416,3071.77294921875,"279.51,280.18,280.85,281.53,282.23,282.92,283.62,284.29,284.91,285.5,286.08,286.66,287.24,287.81,288.39,288.97,289.55,290.13,290.71,291.3,291.89,292.48,293.08,293.67,294.27,294.87,295.48,296.09,296.71,297.34,297.96,298.59,299.22,299.85,300.48,301.14,301.79,302.45,303.11,303.77,304.44,305.1,305.77,306.45,307.13,307.8,308.47,309.14,309.82,310.52,311.21,311.9","10682,18114,28122,32570,53874,73751,78222,78211,71625,37348,51501,47350,33234,27232,29131,52030,53484,40784,34233,46950,48012,37965,44067,49511,43719,47527,55244,32350,39321,44245,31871,30876,24527,25531,28461,37606,22506,26252,25650,21909,18223,21285,16013,12556,15794,13922,10775,8158,9565,10312,6844,7610",2.4315394846571388,2.532550596512985,2.6335617083688305,0.06354801291525869,28076150320.483276,/data/Metabolomics/ms-mint/demofiles/ms-files,12.875276565551758
CA_B3.mzXML,Xanthine,151.02585,10,262.35900000000004,250.79999999999998,271.8,s,0,targets.csv,415149.654296875,64142.6953125,29,25280.900390625,252.82500000000002,9113.5185546875,13972.28515625,14315.505320581897,9238.484375,"251.38,252.1,252.82,253.54,254.27,255.0,255.71,256.44,257.16,257.88,258.6,259.32,260.04,260.74,261.45,262.15,262.88,263.58,264.29,264.98,265.68,266.39,267.1,267.79,268.52,269.24,269.95,270.65,271.35","25280,17573,21288,16555,17082,15265,13616,15310,14697,14658,13972,13580,13770,14738,12107,16415,14891,17268,11273,12025,11387,9563,12461,9113,9305,10977,11511,13411,16042",-0.010669220641822913,0.09036506628654069,0.19139935321490428,0.05998699919535478,28076150320.483276,/data/Metabolomics/ms-mint/demofiles/ms-files,12.875276565551758
CA_B3.mzXML,Succinate,117.01905,10,122.63399999999999,52.2,150.0,s,0,targets.csv,18251525.471984863,3768180.75,133,1300881.625,74.3148,394.2241516113281,6850.90185546875,137229.51482695385,3067.89794921875,"52.82,53.58,54.32,55.05,55.78,56.51,57.26,57.98,58.71,59.43,60.14,60.86,61.59,62.32,63.06,63.79,64.54,65.27,66.01,66.75,67.51,68.26,69.02,69.78,70.53,71.29,72.04,72.8,73.56,74.31,75.07,75.83,76.59,77.35,78.1,78.86,79.62,80.38,81.14,81.9,82.65,83.41,84.17,84.93,85.69,86.44,87.2,87.96,88.72,89.48,90.23,90.99,91.75,92.51,93.27,94.02,94.78,95.54,96.3,97.06,97.82,98.57,99.33,100.09,100.85,101.61,102.36,103.12,103.88,104.63,105.39,106.14,106.9,107.66,108.42,109.18,109.94,110.69,111.45,112.21,112.97,113.73,114.49,115.24,116.0,116.76,117.52,118.28,119.04,119.79,120.55,121.31,122.07,122.83,123.58,124.34,125.1,125.86,126.62,127.38,128.13,128.89,129.65,130.41,131.17,131.93,132.68,133.44,134.2,134.96,135.72,136.47,137.23,137.99,138.75,139.51,140.26,141.02,141.78,142.54,143.3,144.06,144.82,145.55,146.31,147.06,147.82,148.58,149.34","3384,2857,3822,4440,4673,3349,4149,2702,3819,4165,3027,2340,3289,2159,1860,1049,2216,3142,2528,2365,1840,2474,2514,3207,3813,5598,3950,3786,5033,5226,5056,4801,2918,3690,3893,5363,4493,4490,4348,3756,4365,4288,4669,3899,3877,4963,2858,4284,4608,5019,3138,4984,6771,5825,6516,9594,13271,28786,51244,99586,191949,349508,516306,729020,890763,957585,1128149,1115912,1231594,1235704,1300881,1179410,1160842,1151092,1019305,884952,604522,482685,327035,237405,153596,125702,92317,74387,62653,49965,43180,41321,31857,27407,27879,23783,23649,22181,18755,14472,14474,16279,15860,15070,11539,13435,12341,10435,11164,9453,10570,12648,10542,9902,8914,10174,10138,7254,7757,5049,8226,7825,6963,5642,6115,7018,6850,6987,3523,7733,5033,6238,6451",-0.12528425520593392,-0.06008637049186386,0.07030939893627627,0.035905386204466906,28076150320.483276,/data/Metabolomics/ms-mint/demofiles/ms-files,12.875276565551758
CA_B3.mzXML,Urocanate,137.0354,10,264.9,258.0,276.0,s,0,targets.csv,63605.79016113281,25032.3369140625,22,10670.5947265625,267.794,523.2356567382812,1711.3988037109375,2891.1722800514913,445.44573974609375,"258.6,259.32,260.04,260.74,261.45,262.15,262.88,263.58,264.29,264.98,265.68,266.39,267.1,267.79,268.52,269.24,269.95,270.65,271.35,273.37,274.05,274.74","523,694,3858,2650,6785,10670,7502,5817,6859,2295,3065,1179,2467,819,2243,1144,626,934,834,758,902,968",-0.21984795997872095,-0.05282408444181589,0.19771172886354169,0.42758197204405635,28076150320.483276,/data/Metabolomics/ms-mint/demofiles/ms-files,12.875276565551758
CA_B3.mzXML,Mevalonate,147.0657,10,180.0,102.0,258.0,s,0,targets.csv,23074.73959350586,4125.6749267578125,36,1823.1202392578125,232.537,367.08001708984375,532.0567016601562,640.9649887084961,60.45654296875,"104.63,106.14,106.9,116.76,117.52,122.07,123.58,126.62,127.38,128.13,128.89,131.93,132.68,134.2,134.96,137.23,137.99,139.51,140.26,141.78,142.54,143.3,147.82,150.1,150.85,153.12,159.18,163.73,164.49,166.76,169.8,174.34,187.24,188.75,190.27,232.54","467,447,479,430,495,889,566,601,856,628,481,418,841,1413,378,1823,809,810,697,705,425,801,535,611,699,674,479,499,470,833,521,367,443,462,477,528",1.6636892957829927,2.0008927664299554,2.208402594520394,0.017098622471894066,28076150320.483276,/data/Metabolomics/ms-mint/demofiles/ms-files,12.875276565551758
CA_B3.mzXML,Nicotinate,122.02455,10,183.204,165.0,225.0,s,0,targets.csv,499551.52362060547,69681.04296875,57,23892.234375,220.579,692.19677734375,5317.595703125,8764.06181790536,683.0576171875,"176.62,177.38,178.14,178.9,179.65,180.41,181.17,181.93,182.69,183.44,184.2,184.96,185.72,186.48,187.24,187.99,188.75,189.51,190.27,191.03,191.78,192.54,193.3,194.02,194.74,195.45,196.15,196.86,197.56,198.26,198.96,199.66,200.37,201.07,201.77,202.47,203.18,203.89,204.58,205.29,205.99,206.69,207.39,208.08,208.76,209.46,210.17,212.28,212.98,213.69,214.4,215.11,216.5,217.18,217.86,220.58,224.69","692,935,2929,3692,5323,7651,8446,9006,13063,18686,20911,20977,19506,23452,20962,20236,21779,23892,18027,21826,13718,15002,20741,22336,17375,15098,12764,11242,8594,7194,7962,8355,4085,5317,3216,3938,2677,2788,3211,2307,2881,2422,2693,2424,2409,2238,2154,731,963,892,1032,1287,982,1415,2724,992,1375",-0.6138301166032306,-0.4262597990421333,-0.23868948148103597,0.03630429880236373,28076150320.483276,/data/Metabolomics/ms-mint/demofiles/ms-files,12.875276565551758
CA_B3.mzXML,Citrulline,174.0881,10,504.04200000000003,501.0,510.0,s,0,targets.csv,31264.768768310547,24603.830078125,7,11486.11328125,504.59800000000007,389.7450256347656,3948.018798828125,4466.395538330078,4445.275482177734,"504.6,505.36,506.12,506.87,507.63,508.39,509.15","4835,11486,8282,3948,1897,425,389",-0.7206216861085312,-0.5014971586063641,-0.4138473476054973,0.1084089518091358,28076150320.483276,/data/Metabolomics/ms-mint/demofiles/ms-files,12.875276565551758
CA_B4.mzXML,Arabitol,151.0605,10,295.50000000000006,279.0,312.0,s,0,targets.csv,2758196.8740234375,342091.828125,52,129437.3359375,279.765,8568.525390625,57991.84765625,53042.2475773738,2539.833984375,"279.11,279.76,280.45,281.13,281.83,282.53,283.25,283.95,284.61,285.22,285.81,286.39,286.96,287.54,288.12,288.7,289.28,289.86,290.44,291.03,291.62,292.2,292.8,293.39,293.99,294.59,295.2,295.82,296.43,297.05,297.68,298.3,298.93,299.58,300.22,300.87,301.52,302.18,302.84,303.5,304.17,304.83,305.5,306.17,306.84,307.52,308.2,308.87,309.55,310.24,310.92,311.61","8568,12954,20102,30255,51241,63780,81986,129437,122721,88038,70209,57895,61990,68031,69253,85418,51847,62275,79217,69875,77676,89932,72451,71073,73232,73419,69926,64576,71022,66542,57350,58088,65269,54606,49619,59158,44835,40960,39339,26208,33278,30237,27346,21208,22160,20212,15969,18299,18304,16796,12882,11108",2.330528372801293,2.4315394846571388,2.532550596512985,0.057939683006891174,28103235936.905884,/data/Metabolomics/ms-mint/demofiles/ms-files,12.762396812438965
CA_B4.mzXML,Xanthine,151.02585,10,262.35900000000004,250.79999999999998,271.8,s,0,targets.csv,441344.33203125,69069.3828125,29,25154.076171875,265.146,8498.9296875,15427.703125,15218.770070043103,9102.279296875,"251.38,252.1,252.84,253.57,254.3,255.03,255.75,256.49,257.22,257.94,258.65,259.36,260.1,260.81,261.53,262.25,262.97,263.69,264.43,265.15,265.85,266.55,267.26,267.97,268.69,269.39,270.12,270.83,271.53","18951,25154,19225,22319,21596,16817,18405,13679,14879,15427,18362,16927,15804,13688,13964,15588,17104,12920,12973,15515,10401,16661,12350,12495,9098,8498,11311,11371,9849",-0.3137720814269137,-0.1117035075701865,-0.1117035075701865,0.11794811181658299,28103235936.905884,/data/Metabolomics/ms-mint/demofiles/ms-files,12.762396812438965
CA_B4.mzXML,Succinate,117.01905,10,122.63399999999999,52.2,150.0,s,0,targets.csv,18231685.26513672,3781799.125,131,1273912.5,132.812,526.241455078125,6827.91259765625,139173.16996287572,3882.0916748046875,"52.68,53.44,54.2,54.96,55.69,56.45,57.19,57.92,58.66,59.4,60.15,60.88,61.61,62.35,63.09,63.85,64.61,65.37,66.13,66.88,67.64,68.39,69.14,69.88,70.64,71.4,72.16,72.92,73.67,74.43,75.19,75.95,76.71,77.47,78.22,78.98,79.74,80.5,81.26,82.02,82.77,83.53,84.29,85.05,85.81,86.56,87.32,88.08,88.84,89.6,90.36,91.11,91.87,92.63,93.39,94.15,94.9,95.66,96.42,97.18,97.94,98.7,99.45,100.21,100.97,101.73,102.49,103.24,104.0,104.76,105.52,106.27,107.03,107.79,108.55,109.31,110.06,110.82,111.58,112.34,113.1,113.86,114.61,115.37,116.13,116.89,117.65,118.4,119.16,119.92,120.68,121.44,122.2,122.95,123.71,124.47,125.23,125.99,126.75,127.5,128.26,129.02,129.78,130.54,131.29,132.05,132.81,133.57,134.33,135.09,135.84,136.6,137.36,138.12,138.88,139.64,140.39,141.15,141.91,142.67,143.43,144.19,144.94,145.7,146.46,147.22,147.98,148.74,149.49","1602,3243,3267,3964,4092,3715,5315,2940,3953,2215,2960,3417,4285,2464,2430,3147,3151,1638,3327,2254,3099,3575,4146,3651,3605,3834,5111,3430,3273,3742,3393,6050,2708,3344,3925,2479,4066,4505,4858,5148,2907,4319,4087,4570,4617,4985,3817,5162,3898,3445,4542,5091,6116,4232,6901,9848,11843,26406,45670,72015,132956,251056,420463,616528,783891,966000,973501,1098888,1081709,1273912,1135551,1271098,1101853,1236787,1028895,965236,771154,624209,481346,324280,215623,152504,113656,92299,68400,64841,50686,46043,34969,33486,29747,29547,19580,24441,17831,18730,19559,16691,13914,17636,12745,13740,9909,10188,9069,8560,9875,12097,7334,8291,9643,6324,8196,8881,8046,7279,7622,7582,6821,6669,5289,6827,6820,5781,5729,7142,6984,6223,5484",0.005111514222206202,0.07030939893627627,0.2007051683644164,0.030476539037502123,28103235936.905884,/data/Metabolomics/ms-mint/demofiles/ms-files,12.762396812438965
CA_B4.mzXML,Urocanate,137.0354,10,264.9,258.0,276.0,s,0,targets.csv,76608.35540771484,26424.18505859375,21,9444.462890625,267.973,674.152099609375,3142.573974609375,3648.016924176897,1612.375,"258.65,259.36,260.1,260.81,261.53,262.25,262.97,263.69,264.43,265.15,265.85,266.55,267.26,267.97,268.69,269.39,270.12,270.83,271.53,272.21,275.68","2286,2470,982,3571,7062,5753,8003,9444,8976,4962,3142,4615,3407,1364,3296,2550,878,879,1209,1076,674",-0.44254646069459436,-0.21984795997872095,-0.10849870962078424,0.3286036631133641,28103235936.905884,/data/Metabolomics/ms-mint/demofiles/ms-files,12.762396812438965
CA_B4.mzXML,Mevalonate,147.0657,10,180.0,102.0,258.0,s,0,targets.csv,18722.070831298828,3762.423095703125,32,2092.736572265625,125.22899999999998,346.747314453125,501.06195068359375,585.0647134780884,368.8127746582031,"104.76,106.27,119.16,120.68,121.44,122.95,125.23,125.99,126.75,129.02,129.78,131.29,132.81,133.57,135.84,137.36,138.12,138.88,139.64,140.39,142.67,143.43,150.25,160.87,167.69,168.45,169.21,173.0,174.52,187.41,192.71,194.96","507,405,564,427,474,453,576,500,469,501,793,700,2092,692,745,539,764,554,477,448,573,623,482,472,481,450,410,402,397,346,514,876",1.5599343817377735,1.9490153094073457,2.338096237076918,0.01361350137633339,28103235936.905884,/data/Metabolomics/ms-mint/demofiles/ms-files,12.762396812438965
CA_B4.mzXML,Nicotinate,122.02455,10,183.204,165.0,225.0,s,0,targets.csv,336459.17138671875,48640.1484375,55,16486.111328125,211.917,638.0897827148438,3481.0537109375,6117.439479758523,29.3690185546875,"176.03,176.79,177.55,178.31,179.06,179.82,180.58,181.34,182.1,182.86,183.62,184.37,185.13,185.89,186.65,187.41,188.16,188.92,189.68,190.44,191.2,191.96,192.71,193.47,194.23,194.96,195.67,196.38,197.09,197.8,198.5,199.21,199.9,200.6,201.32,202.03,202.73,203.44,204.14,204.86,205.57,206.27,206.96,207.66,208.37,209.78,210.49,211.92,212.62,213.32,214.76,215.48,216.19,216.88,223.76","681,740,1761,1509,1762,2665,3481,3338,6890,6239,8127,9771,10622,13962,12308,13928,13392,13738,15953,16200,15338,16486,13711,9422,9145,15914,15707,9862,7640,10455,6650,6834,5379,3023,5001,2939,4516,1174,1099,1188,1186,2433,2706,1082,1104,832,1032,659,939,925,2270,668,756,638,651",-0.801400434164328,-0.6138301166032306,-0.48878323822916575,0.055259964612211325,28103235936.905884,/data/Metabolomics/ms-mint/demofiles/ms-files,12.762396812438965
CA_B4.mzXML,Citrulline,174.0881,10,504.04200000000003,501.0,510.0,s,0,targets.csv,30553.329956054688,24374.799560546875,8,11499.0107421875,505.366,338.4329833984375,2447.4024047851562,3819.166244506836,2771.196044921875,"504.61,505.37,506.12,506.88,507.64,508.4,509.16,509.92","3270,11499,9580,3295,1623,338,445,499",-0.6987092333583145,-0.6329718751076643,-0.5014971586063641,0.2543063739392012,28103235936.905884,/data/Metabolomics/ms-mint/demofiles/ms-files,12.762396812438965
EC_B1.mzXML,Arabitol,151.0605,10,295.50000000000006,279.0,312.0,s,0,targets.csv,9367.94287109375,4725.6414794921875,8,1982.4732666015625,300.823,809.2088012695312,980.0129699707031,1170.9928588867188,722.0086059570312,"296.16,296.82,297.48,299.48,300.82,303.56,305.65,309.81","1674,1982,1068,920,1002,957,809,952",5.259850616620822,5.512378396260437,5.613389508116283,0.03820545843197205,39293149461.38306,/data/Metabolomics/ms-mint/demofiles/ms-files,13.392587661743164
EC_B1.mzXML,Xanthine,151.02585,10,262.35900000000004,250.79999999999998,271.8,s,0,targets.csv,70538.33990478516,20797.52490234375,24,8406.7880859375,254.65399999999997,570.8818969726562,1840.1178588867188,2939.097496032715,512.8873901367188,"250.91,251.67,252.43,253.93,254.65,255.34,256.01,256.66,258.64,259.31,260.0,260.7,261.42,262.14,262.88,263.61,264.34,265.05,265.74,266.42,267.09,267.76,268.44,269.14","570,894,1746,1892,582,622,1788,1087,4536,3200,4186,4711,6049,6341,5744,8406,5738,3950,3056,1379,739,1446,781,1083",2.5909636677635395,2.767773669888176,3.020359387209085,0.10237959790139953,39293149461.38306,/data/Metabolomics/ms-mint/demofiles/ms-files,13.392587661743164
EC_B1.mzXML,Succinate,117.01905,10,122.63399999999999,52.2,150.0,s,0,targets.csv,1903573672.7404785,223592088.0,136,76289728.0,58.1168,744.6066284179688,5238.845458984375,13996865.240738813,1670347.0046386719,"53.78,54.52,55.24,55.98,56.69,57.41,58.12,58.83,59.55,60.26,60.97,61.69,62.42,63.16,63.9,64.66,65.42,66.18,66.93,67.69,68.45,69.21,69.97,70.72,71.48,72.24,73.0,73.76,74.52,75.27,76.03,76.79,77.55,78.31,79.06,79.82,80.58,81.34,82.1,82.86,83.61,84.37,85.13,85.89,86.65,87.4,88.16,88.92,89.68,90.44,91.2,91.95,92.71,93.47,94.23,94.99,95.75,96.5,97.26,98.02,98.78,99.54,100.3,101.05,101.81,102.57,103.33,104.09,104.84,105.6,106.36,107.12,107.88,108.64,109.39,110.15,110.9,111.6,112.27,112.91,113.53,114.15,114.77,115.38,115.98,116.59,117.19,117.78,118.39,118.99,119.59,120.19,120.8,121.39,122.0,122.6,123.2,123.8,124.4,125.0,125.61,126.21,126.82,127.43,128.03,128.65,129.27,129.9,130.55,131.2,131.87,132.54,133.24,133.93,134.64,135.37,136.12,136.86,137.61,138.36,139.12,139.88,140.63,141.39,142.15,142.9,143.66,144.42,145.18,145.92,146.68,147.43,148.19,148.95,149.71","3323,959,2349,3588,4943,3489,3151,2540,3566,2580,771,3154,744,942,2831,2306,1552,820,1816,904,954,2229,2069,2674,2201,2409,2302,3017,2244,2573,2967,2091,3169,1673,2143,2053,3049,3308,2559,2977,2530,2270,2153,2440,3062,2878,3300,2496,1873,3654,3165,3236,2737,4689,2879,2998,4337,5066,6046,4120,5205,5272,6310,3684,2834,3792,4951,2830,4127,5114,9751,20766,87518,303552,863390,2225061,4711953,9191810,16221161,25413316,32986514,40612956,43361524,47045876,56160864,60174280,61196648,66039756,67078944,67333160,73650664,72781656,71759392,68488632,68284824,69001400,67813360,72202136,73651696,76289728,66024364,60678832,57143488,55118096,57968580,44004676,36212128,32542402,25273048,21314670,17373088,14987827,11710556,10330526,7754408,7575449,6514686,5700697,5257745,4311808,4299189,4025555,3778005,3544686,3018521,2904028,2789853,2402811,2287270,2266576,2067897,2005298,1747795,1797240,1673670",2.9390163263553593,3.1998078652116395,3.2650057499257095,0.022238099792489585,39293149461.38306,/data/Metabolomics/ms-mint/demofiles/ms-files,13.392587661743164
EC_B1.mzXML,Urocanate,137.0354,10,264.9,258.0,276.0,s,0,targets.csv,37918.84765625,11202.48876953125,20,4555.20947265625,271.278,615.342529296875,1519.6075439453125,1895.9423828125,745.1298828125,"259.31,260.0,260.7,261.42,262.14,262.88,263.61,264.34,265.05,265.74,266.42,267.09,268.44,269.14,269.85,270.57,271.28,271.97,274.62,275.32","1636,2604,1100,3237,1023,1936,3342,4555,2078,1403,3304,2715,2931,1154,615,933,894,778,783,891",2.0906489849484657,2.2298355478958864,2.45253404861176,0.12069239679893057,39293149461.38306,/data/Metabolomics/ms-mint/demofiles/ms-files,13.392587661743164
EC_B1.mzXML,Mevalonate,147.0657,10,180.0,102.0,258.0,s,0,targets.csv,17319.05255126953,6760.6331787109375,20,3158.55322265625,228.441,372.3486328125,612.7102661132812,865.9526275634765,2616.340576171875,"102.57,103.33,104.09,104.84,105.6,106.36,107.12,107.88,108.64,109.39,135.37,143.66,146.68,151.22,156.53,164.87,172.45,194.44,227.7,228.44","3158,882,1841,592,800,874,1760,373,890,863,617,461,557,443,477,608,425,372,774,542",4.491010703515218,5.165417644809143,5.346988744388277,0.0026443430785419893,39293149461.38306,/data/Metabolomics/ms-mint/demofiles/ms-files,13.392587661743164
EC_B1.mzXML,Nicotinate,122.02455,10,183.204,165.0,225.0,s,0,targets.csv,4374188.202087402,554490.078125,78,188951.640625,171.695,404.21282958984375,20992.5625,56079.33592419747,2941.2673950195312,"165.63,169.42,170.18,170.94,171.7,172.45,173.21,173.97,174.73,175.49,176.24,177.0,177.76,178.52,179.28,180.04,180.79,181.55,182.31,183.07,183.82,184.58,185.34,186.1,186.86,187.62,188.38,189.13,189.89,190.65,191.41,192.17,192.92,193.68,194.44,195.2,195.96,196.72,197.42,198.12,198.81,199.51,200.2,200.9,201.6,202.29,203.0,203.7,204.4,205.11,205.82,206.51,207.2,207.91,208.6,209.3,210.02,210.72,211.43,212.13,212.84,213.55,214.27,214.96,215.67,216.37,217.09,217.8,218.49,219.19,219.89,220.58,221.29,221.99,222.7,223.4,224.1,224.82","404,645,1585,2799,5449,5284,11817,21052,34390,43640,64087,78504,94645,124043,132691,158734,165243,162087,172909,184994,188951,180544,166909,175408,158442,149040,139725,133458,120978,126507,123784,113965,126490,109473,89895,64435,60105,78852,100632,54263,50583,37968,28676,24027,24560,21950,12306,20932,14905,17407,10021,10856,13572,12318,9682,9869,8540,8493,9579,6183,7773,7441,5765,8834,5059,6765,4666,6283,3811,6445,4817,3859,3690,5189,4466,2811,3844,3345",2.5279727025451497,2.699912160309489,2.824959038683554,0.04047016549003918,39293149461.38306,/data/Metabolomics/ms-mint/demofiles/ms-files,13.392587661743164
EC_B1.mzXML,Citrulline,174.0881,10,504.04200000000003,501.0,510.0,s,0,targets.csv,58993.82699584961,47821.609375,8,26708.357421875,503.155,401.4302673339844,3921.15966796875,7374.228374481201,5995.759185791016,"503.16,503.91,504.67,505.43,506.19,506.95,507.71,508.46","6397,26708,14716,4460,3381,1465,1463,401",2.040347360418773,2.1279971714196404,2.347121698921807,0.08808795794260939,39293149461.38306,/data/Metabolomics/ms-mint/demofiles/ms-files,13.392587661743164
EC_B2.mzXML,Arabitol,151.0605,10,295.50000000000006,279.0,312.0,s,0,targets.csv,12585.90625,6216.290771484375,10,3400.260986328125,304.631,597.238037109375,1069.8377075195312,1258.590625,2803.02294921875,"292.04,295.86,296.51,299.17,299.85,300.51,301.19,304.63,305.99,310.13","3400,1281,1467,1192,947,1348,739,664,947,597",5.057828392909131,5.158839504764977,5.487125618296476,0.008011890123456282,37858839159.80946,/data/Metabolomics/ms-mint/demofiles/ms-files,13.471007347106934
EC_B2.mzXML,Xanthine,151.02585,10,262.35900000000004,250.79999999999998,271.8,s,0,targets.csv,19297.61489868164,5315.9278564453125,21,2069.980712890625,258.94,424.3254089355469,843.1796264648438,918.9340427943638,363.79986572265625,"251.0,251.75,252.5,253.25,254.01,254.75,256.17,256.88,257.57,258.94,259.64,260.36,261.83,262.58,263.32,264.78,265.48,266.83,268.17,270.29,271.7","956,2069,882,496,424,843,869,755,783,839,574,1119,1842,575,659,624,927,922,1403,1136,592",2.1110508048538126,2.4141536656389033,2.6162222394956305,0.19178678718499065,37858839159.80946,/data/Metabolomics/ms-mint/demofiles/ms-files,13.471007347106934
EC_B2.mzXML,Succinate,117.01905,10,122.63399999999999,52.2,150.0,s,0,targets.csv,815133887.7609863,104792416.0,134,35901056.0,130.355,474.31732177734375,7798.4306640625,6083088.714634227,517182.30767822266,"52.3,53.79,54.51,55.23,55.96,56.7,57.39,58.11,58.82,59.53,60.23,60.94,61.65,62.38,63.12,63.87,64.62,65.37,66.11,66.86,67.62,68.37,69.13,69.89,70.65,71.4,72.16,72.92,73.68,74.44,75.19,75.95,76.71,77.47,78.23,78.99,79.74,80.5,81.26,82.02,82.78,83.53,84.29,85.05,85.81,86.57,87.32,88.08,88.84,89.6,90.36,91.12,91.87,92.63,93.39,94.15,94.91,95.67,96.42,97.18,97.94,98.7,99.46,100.22,100.97,101.73,102.49,103.25,104.0,104.76,105.52,106.28,107.04,107.8,108.56,109.31,110.07,110.83,111.59,112.3,113.02,113.7,114.38,115.03,115.68,116.32,116.96,117.59,118.22,118.85,119.48,120.1,120.73,121.36,121.99,122.63,123.26,123.9,124.53,125.17,125.8,126.43,127.07,127.72,128.36,129.02,129.68,130.35,131.04,131.75,132.49,133.23,133.99,134.75,135.5,136.26,137.02,137.78,138.54,139.3,140.06,140.81,141.57,142.33,143.09,143.85,144.6,145.36,146.12,146.88,147.64,148.4,149.15,149.91","474,3805,4526,6148,7347,8092,8209,8981,6684,5203,5545,4748,3644,3248,1802,953,2542,2507,3802,2912,2862,3646,2383,2848,4093,3365,4196,5017,3798,4001,3825,3112,4001,4331,4070,4422,3077,4861,4189,4577,3347,3792,3026,4072,4083,5768,4511,4377,5534,5736,4789,3348,7162,5565,7787,4530,4477,4697,4137,5851,6396,8185,7774,5975,5420,3807,6103,6855,4981,5243,4936,7809,10200,29490,79233,239915,680311,1674514,3378996,5922901,8130411,12608250,16572839,20858736,21216096,25191286,26467066,27999160,32172360,31945522,31403648,32569080,34870520,34020840,35901056,33898604,33065236,33058486,32311116,29222756,28733192,31229444,27851386,27231488,22818652,20223274,15991338,13190415,10412220,7516615,6556764,4802019,4022800,3463791,2840573,2524687,2094909,2002105,1784412,1551595,1445207,1314741,1137843,1142693,1031083,939974,833496,795994,732758,702644,695002,602161,564357,517656",2.303336950393176,2.4826311333568687,2.808620556927219,0.03257614426381703,37858839159.80946,/data/Metabolomics/ms-mint/demofiles/ms-files,13.471007347106934
EC_B2.mzXML,Urocanate,137.0354,10,264.9,258.0,276.0,s,0,targets.csv,1590697.1868896484,666958.734375,26,237427.234375,258.94,1036.274169921875,19650.10009765625,61180.66103421725,4676.453857421875,"258.24,258.94,259.64,260.36,261.08,261.83,262.58,263.32,264.05,264.78,265.48,266.16,266.83,267.5,268.17,268.86,269.57,270.29,271.0,271.7,272.37,273.02,273.68,274.34,275.01,275.69","1267,1036,1349,3178,14861,51744,104651,181623,227922,237427,201609,151791,127544,77344,54386,36022,27801,23618,15682,14297,6957,6136,4690,8156,3650,5944",2.2298355478958864,2.341184798253823,2.341184798253823,0.09323955232113285,37858839159.80946,/data/Metabolomics/ms-mint/demofiles/ms-files,13.471007347106934
EC_B2.mzXML,Mevalonate,147.0657,10,180.0,102.0,258.0,s,0,targets.csv,25085.522705078125,8308.959228515625,26,3067.08251953125,203.897,418.9845275878906,666.1685791015625,964.8277963491587,2040.5645751953125,"102.49,103.25,104.0,104.76,105.52,106.28,107.04,107.8,108.56,109.31,110.07,110.83,111.59,133.23,136.26,137.02,146.12,148.4,158.25,163.56,164.32,196.16,198.98,203.9,222.9,252.5","2558,3067,2237,818,2683,1478,864,884,742,623,575,580,711,552,496,435,418,441,458,759,420,442,627,981,705,518",4.283500875424779,4.491010703515218,5.009785273741314,0.011584087532347975,37858839159.80946,/data/Metabolomics/ms-mint/demofiles/ms-files,13.471007347106934
EC_B2.mzXML,Nicotinate,122.02455,10,183.204,165.0,225.0,s,0,targets.csv,4243312.371520996,533035.515625,78,180599.546875,224.317,455.509521484375,21715.6923828125,54401.44066052559,3463.948974609375,"168.11,168.87,169.62,170.38,171.14,171.9,172.66,173.42,174.18,174.93,175.69,176.45,177.21,177.97,178.72,179.48,180.24,181.0,181.76,182.52,183.27,184.03,184.79,185.55,186.31,187.06,187.82,188.58,189.34,190.1,190.86,191.61,192.37,193.13,193.89,194.65,195.4,196.16,196.88,197.58,198.3,198.98,199.7,200.4,201.1,201.8,202.5,203.21,203.9,204.61,205.3,206.0,206.7,207.4,208.09,208.79,209.5,210.2,210.9,211.6,212.31,213.02,213.74,214.45,215.17,215.88,216.58,217.28,217.98,218.68,219.39,220.09,220.8,221.5,222.2,222.9,223.61,224.32","455,644,682,695,3390,4499,7845,12570,24014,31929,45428,58754,79198,97979,114091,129834,128909,163018,158752,178012,174423,180599,158703,158749,170084,156643,148477,149831,141321,118158,120162,120679,125800,116411,100589,72734,65154,53724,109855,80275,43134,49944,36351,29044,27409,21895,17518,22329,21535,14847,12406,14449,14883,13061,12451,8272,8750,9419,8215,7663,6523,6187,6150,5217,5671,5170,3522,4830,4727,4389,4604,4015,3355,4601,3855,5454,4441,3919",1.9496308900650998,2.3247715251872942,2.4498184035613595,0.032325635844180606,37858839159.80946,/data/Metabolomics/ms-mint/demofiles/ms-files,13.471007347106934
EC_B2.mzXML,Citrulline,174.0881,10,504.04200000000003,501.0,510.0,s,0,targets.csv,34433.64025878906,30098.183837890625,6,16056.521484375,505.16600000000005,653.4483642578125,2306.2761840820312,5738.940043131511,1064.672607421875,"502.89,503.65,504.41,505.17,505.92,506.68","1718,16056,11392,2648,1963,653",2.084172265919207,2.215646982420507,2.281384340671157,0.20389528796872827,37858839159.80946,/data/Metabolomics/ms-mint/demofiles/ms-files,13.471007347106934
EC_B3.mzXML,Arabitol,151.0605,10,295.50000000000006,279.0,312.0,s,0,targets.csv,27692.9951171875,8785.558837890625,20,3268.36376953125,296.159,556.0076904296875,975.5311279296875,1384.649755859375,2130.3072509765625,"291.67,292.29,293.55,294.84,295.5,296.16,296.82,298.15,299.48,300.84,301.52,302.22,302.91,303.61,304.31,305.01,305.71,307.8,309.21,309.92","2686,2319,1667,1696,1615,1638,3268,1003,1075,852,2830,763,699,820,919,947,909,732,691,556",4.830553391233478,5.259850616620822,5.56288395218836,0.15984927096558332,38203152717.33275,/data/Metabolomics/ms-mint/demofiles/ms-files,13.376178741455078
EC_B3.mzXML,Xanthine,151.02585,10,262.35900000000004,250.79999999999998,271.8,s,0,targets.csv,87560.26062011719,27401.193359375,25,10516.19921875,266.242,544.7268676757812,2492.7431640625,3502.4104248046874,1166.5857543945312,"251.52,252.28,253.04,253.78,255.19,257.16,257.82,258.48,259.14,259.82,260.52,261.23,261.95,262.68,263.41,264.14,264.86,265.56,266.24,266.92,267.59,268.28,269.7,270.42,271.14","1939,781,2492,1924,999,1305,1069,1792,4710,4232,6623,5409,9309,10516,7575,5871,6110,4158,988,3240,3353,1287,549,544,772",2.212085091782176,2.4141536656389033,2.6162222394956305,0.1269238670438432,38203152717.33275,/data/Metabolomics/ms-mint/demofiles/ms-files,13.376178741455078
EC_B3.mzXML,Succinate,117.01905,10,122.63399999999999,52.2,150.0,s,0,targets.csv,1713591807.5854797,203370376.0,136,68809656.0,65.5026,441.80035400390625,6573.812255859375,12599939.761657938,1473749.199645996,"52.33,53.85,54.56,55.26,55.98,56.68,57.42,58.15,58.87,59.58,60.29,61.03,61.77,62.51,63.25,63.99,64.74,65.5,66.26,67.01,67.77,68.53,69.29,70.05,70.8,71.56,72.32,73.08,73.84,74.6,75.35,76.11,76.87,77.63,78.39,79.14,79.9,80.66,81.42,82.18,82.94,83.69,84.45,85.21,85.97,86.73,87.49,88.24,89.0,89.76,90.52,91.28,92.03,92.79,93.55,94.31,95.07,95.83,96.58,97.34,98.1,98.86,99.62,100.38,101.13,101.89,102.65,103.41,104.17,104.92,105.68,106.44,107.2,107.96,108.72,109.47,110.23,110.99,111.7,112.37,113.02,113.65,114.29,114.89,115.51,116.12,116.73,117.33,117.93,118.54,119.14,119.75,120.35,120.95,121.55,122.14,122.75,123.35,123.96,124.56,125.16,125.76,126.37,126.98,127.59,128.2,128.82,129.45,130.09,130.74,131.4,132.08,132.76,133.47,134.17,134.89,135.63,136.38,137.14,137.88,138.64,139.39,140.15,140.91,141.66,142.42,143.18,143.94,144.7,145.46,146.21,146.97,147.73,148.49,149.25","441,4829,2622,6387,6224,8336,6319,7482,4535,5022,4673,4548,3088,1080,911,2577,2052,1983,2104,2629,3117,2490,3430,4275,3359,4820,4926,4297,3353,3704,3360,5361,4652,4427,4538,2444,4022,4451,2893,3261,4497,3675,3136,5409,3907,4847,3608,3271,3351,4007,5536,3713,4604,4819,6026,5990,6047,3816,5984,6570,6454,7100,5818,6577,4929,4009,4891,5349,5313,5998,6402,7627,21587,69252,234339,740924,1834844,4407099,8645175,14358096,22275144,30313948,36267592,41884584,45423252,53885484,52947632,61890228,66635248,63952860,60476468,65052356,67925472,68809656,66562672,65122968,59406068,63001864,57433172,60121432,51979688,60944480,62156316,58410424,43776368,39059044,40995612,34249292,28872588,22932408,18376308,15153359,11783941,10357450,8188234,6960876,6207468,5775373,4898346,4482898,4163045,3773979,3581621,3209333,2934284,2715746,2600718,2476810,2204933,2081424,1808223,1785374,1674829,1528578,1474191",2.678224787499079,2.8738184416412893,3.004214211069429,0.026739052633744157,38203152717.33275,/data/Metabolomics/ms-mint/demofiles/ms-files,13.376178741455078
EC_B3.mzXML,Urocanate,137.0354,10,264.9,258.0,276.0,s,0,targets.csv,32656.128295898438,8099.74658203125,23,2934.253662109375,259.136,824.75732421875,1238.0428466796875,1419.8316650390625,265.648193359375,"258.48,259.14,259.82,261.23,261.95,262.68,263.41,264.14,264.86,265.56,266.24,267.59,268.28,268.98,269.7,270.42,271.14,271.83,272.52,273.85,274.51,275.2,275.91","1216,999,2721,973,2443,2259,1911,2934,1150,1402,1452,1057,872,1299,887,824,949,882,1356,1461,1409,1238,950",2.007137047180013,2.1184862975379497,2.341184798253823,0.0839034246423459,38203152717.33275,/data/Metabolomics/ms-mint/demofiles/ms-files,13.376178741455078
EC_B3.mzXML,Mevalonate,147.0657,10,180.0,102.0,258.0,s,0,targets.csv,18305.383392333984,6013.5008544921875,23,2409.25,110.989,373.3616027832031,589.673095703125,795.8862344493036,1738.302001953125,"102.65,103.41,104.17,104.92,105.68,106.44,107.2,107.96,109.47,110.23,110.99,133.47,139.39,141.66,144.7,150.76,151.52,162.9,168.96,178.82,201.21,212.56,218.93","2409,1967,749,581,1608,934,373,589,1637,519,491,722,403,407,935,450,396,412,400,407,596,639,670",4.542888160537827,4.802275445650875,5.113540187786533,0.0032528454641281594,38203152717.33275,/data/Metabolomics/ms-mint/demofiles/ms-files,13.376178741455078
EC_B3.mzXML,Nicotinate,122.02455,10,183.204,165.0,225.0,s,0,targets.csv,5452846.41027832,671975.328125,78,228134.875,223.189,707.4583129882812,24359.146484375,69908.28731126052,2772.9584350585938,"165.93,168.96,169.72,170.48,171.24,171.99,172.75,173.51,174.27,175.03,175.78,176.54,177.3,178.06,178.82,179.58,180.33,181.09,181.85,182.61,183.37,184.13,184.88,185.64,186.4,187.16,187.92,188.68,189.43,190.19,190.95,191.71,192.47,193.22,193.98,194.74,195.5,196.26,197.01,197.7,198.4,199.1,199.8,200.5,201.21,201.91,202.6,203.31,204.02,204.72,205.43,206.14,206.85,207.56,208.26,208.97,209.68,210.4,211.11,211.84,212.56,213.28,213.99,214.7,215.4,216.11,216.81,217.52,218.23,218.93,219.64,220.35,221.05,221.77,222.48,223.19,223.92,224.63","707,756,888,2751,4541,7686,10904,20821,32458,49570,67895,85884,112781,139759,156411,169906,177184,206679,219018,228134,201715,224822,194682,213463,193736,192578,203125,163028,175188,155349,133739,149169,139858,143913,128561,105946,90110,72435,134651,106165,79945,58868,53129,44706,32342,35740,27896,20162,18836,17636,14826,16073,13621,14950,15459,13613,10758,9215,12243,9428,9978,8123,7820,9598,6378,9025,6761,6230,6162,6343,6623,4385,5690,4010,5506,5449,4833,3480",2.1372012076261973,2.262248086000262,2.3247715251872942,0.03381533845264669,38203152717.33275,/data/Metabolomics/ms-mint/demofiles/ms-files,13.376178741455078
EC_B3.mzXML,Citrulline,174.0881,10,504.04200000000003,501.0,510.0,s,0,targets.csv,38113.93209838867,35844.03076171875,5,19076.525390625,505.516,433.2996520996094,6822.75634765625,7622.786419677735,9511.44937133789,"503.24,504.0,504.76,505.52,506.27","9944,19076,6822,1836,433",2.1279971714196404,2.215646982420507,2.303296793421374,0.12086966599946854,38203152717.33275,/data/Metabolomics/ms-mint/demofiles/ms-files,13.376178741455078
EC_B4.mzXML,Arabitol,151.0605,10,295.50000000000006,279.0,312.0,s,0,targets.csv,13893.095458984375,6756.4791259765625,9,2679.1875,290.061,859.2803955078125,1493.21044921875,1543.677273220486,1505.886474609375,"290.06,291.91,292.52,293.78,295.06,298.33,302.34,303.02,305.07","2679,2425,1636,1493,1651,906,1067,859,1173",4.956817281053285,5.158839504764977,5.259850616620822,0.028694351778495168,39303501189.54753,/data/Metabolomics/ms-mint/demofiles/ms-files,13.402551651000977
EC_B4.mzXML,Xanthine,151.02585,10,262.35900000000004,250.79999999999998,271.8,s,0,targets.csv,82466.27325439453,23039.75,24,7962.82177734375,270.256,640.3045654296875,2299.9490966796875,3436.0947189331055,179.29864501953125,"251.34,252.1,252.84,253.57,256.74,257.37,257.99,258.63,259.28,259.94,260.61,261.29,261.99,262.7,263.42,264.13,264.82,265.51,266.17,268.16,268.85,269.55,270.26,270.96","905,830,918,2093,2053,1175,1925,5463,5961,4767,6485,7962,7680,6656,7396,5521,4655,2905,1592,963,2506,677,640,726",2.212085091782176,2.4646708091030853,2.742515098156085,0.0818484560586146,39303501189.54753,/data/Metabolomics/ms-mint/demofiles/ms-files,13.402551651000977
EC_B4.mzXML,Succinate,117.01905,10,122.63399999999999,52.2,150.0,s,0,targets.csv,1434221000.4817505,174704992.0,138,59033956.0,58.0157,617.7030029296875,6344.27783203125,10392905.800592395,1154308.7969970703,"52.95,53.69,54.43,55.15,55.87,56.59,57.3,58.02,58.73,59.43,60.13,60.84,61.54,62.26,62.99,63.74,64.48,65.24,65.97,66.73,67.48,68.23,68.98,69.73,70.48,71.23,71.99,72.75,73.5,74.26,75.02,75.78,76.54,77.29,78.05,78.81,79.57,80.33,81.09,81.84,82.6,83.35,84.11,84.87,85.63,86.39,87.14,87.9,88.66,89.42,90.18,90.94,91.69,92.45,93.21,93.97,94.73,95.48,96.24,97.0,97.76,98.51,99.27,100.03,100.79,101.55,102.3,103.06,103.82,104.58,105.34,106.1,106.85,107.61,108.37,109.13,109.89,110.64,111.36,112.05,112.71,113.35,113.98,114.6,115.22,115.83,116.44,117.06,117.67,118.28,118.88,119.49,120.1,120.7,121.3,121.9,122.5,123.11,123.71,124.32,124.93,125.54,126.15,126.76,127.38,128.0,128.63,129.26,129.9,130.56,131.23,131.91,132.61,133.32,134.04,134.78,135.53,136.26,137.02,137.77,138.53,139.28,140.04,140.8,141.55,142.3,143.06,143.81,144.57,145.33,146.06,146.82,147.57,148.33,149.09,149.85","617,5365,6261,5248,4927,6329,3513,5860,5232,3651,4959,3485,3826,2356,994,2103,2751,1953,3471,2920,2003,2843,2985,3883,4439,2217,2838,4320,3745,4057,2978,4249,3484,3766,5040,2837,1889,3622,3856,4065,3458,3517,3708,3246,4783,4910,4732,3795,1975,3029,4011,3992,2954,6758,4833,4622,4333,5012,6376,5381,6983,6243,5568,5136,5158,6358,5372,5767,5039,4493,5263,8921,17914,68047,174687,567354,1323647,3431221,7029078,10945307,16339248,22782880,28313736,31868418,39094948,37534232,46684416,50170784,54635620,53583420,52123048,52823668,57164040,59033956,58506996,55552616,55872008,55793456,55908492,54462956,51949372,47724380,50831052,44763940,40640524,35274688,32745010,24753166,22536758,18282612,13934318,11546212,10539524,7810714,6251234,5686011,5194886,4776141,3660276,3366101,3296225,2714580,2485868,2519680,2156301,2110908,1939376,1737351,1621277,1464024,1565069,1366830,1273256,1160417,1279655,1154926",2.678224787499079,2.8738184416412893,3.069412095783499,0.022240223979928364,39303501189.54753,/data/Metabolomics/ms-mint/demofiles/ms-files,13.402551651000977
EC_B4.mzXML,Urocanate,137.0354,10,264.9,258.0,276.0,s,0,targets.csv,30455.29296875,10690.529052734375,19,4244.03076171875,266.827,637.9022216796875,1095.3394775390625,1602.91015625,1956.1297607421875,"259.28,260.61,261.29,261.99,262.7,263.42,264.13,264.82,265.51,266.17,266.83,268.16,268.85,269.55,270.26,270.96,271.64,274.26,274.93","1095,755,3321,2662,3125,4244,1034,1346,637,1138,1691,1032,760,692,776,935,876,1275,3051",1.8957877968220764,2.1184862975379497,2.341184798253823,0.33998915986658773,39303501189.54753,/data/Metabolomics/ms-mint/demofiles/ms-files,13.402551651000977
EC_B4.mzXML,Mevalonate,147.0657,10,180.0,102.0,258.0,s,0,targets.csv,18668.45523071289,5530.2586669921875,26,2056.9111328125,136.264,350.2098388671875,556.7757263183594,718.0175088735728,1335.6043090820312,"102.3,103.06,103.82,104.58,105.34,106.1,107.61,108.37,109.13,109.89,110.64,136.26,139.28,140.04,142.3,147.57,152.12,157.43,158.19,158.94,160.46,171.08,173.35,206.52,224.76,247.58","2056,1732,1741,907,734,905,531,703,398,476,520,774,350,516,615,412,460,381,556,389,570,547,395,711,556,721",4.0500523188230355,4.750397988628266,5.009785273741314,0.006754840945686776,39303501189.54753,/data/Metabolomics/ms-mint/demofiles/ms-files,13.402551651000977
EC_B4.mzXML,Nicotinate,122.02455,10,183.204,165.0,225.0,s,0,targets.csv,7098562.68951416,861570.5,78,288399.9375,220.532,666.4534301757812,38163.931640625,91007.21396813027,6105.398620605469,"168.8,169.56,170.32,171.08,171.84,172.59,173.35,174.11,174.87,175.63,176.38,177.14,177.9,178.66,179.42,180.18,180.93,181.69,182.45,183.21,183.97,184.72,185.48,186.24,187.0,187.76,188.52,189.27,190.03,190.79,191.55,192.31,193.06,193.82,194.58,195.34,196.1,196.84,197.52,198.21,198.89,199.58,200.28,200.97,201.66,202.35,203.04,203.74,204.45,205.14,205.83,206.52,207.21,207.9,208.6,209.29,209.98,210.69,211.4,212.11,212.83,213.54,214.25,214.96,215.67,216.37,217.06,217.76,218.44,219.14,219.84,220.53,221.23,221.93,222.63,223.33,224.04,224.76","666,3070,2510,5053,6483,13198,27003,40520,61846,78330,116884,136458,168866,200237,228745,250420,237800,288399,287093,282411,277529,286077,253206,269758,264210,232636,232227,213635,208500,201579,169429,180174,193057,161550,144599,110719,86891,148485,148034,103684,82722,68238,54959,52177,45861,44646,35807,24511,25036,24078,22907,23673,20709,18292,15326,18165,17977,14368,12492,12356,12161,10600,9385,9199,10460,8683,10427,7989,6770,6938,6945,5615,5450,7361,6476,5644,5377,6771",2.1528320674229553,2.3247715251872942,2.387294964374327,0.03686221558671094,39303501189.54753,/data/Metabolomics/ms-mint/demofiles/ms-files,13.402551651000977
EC_B4.mzXML,Citrulline,174.0881,10,504.04200000000003,501.0,510.0,s,0,targets.csv,70697.32489013672,63095.89453125,8,32379.609375,503.15900000000005,500.457275390625,2476.5203247070312,8837.16561126709,143.63494873046875,"502.4,503.16,503.92,504.68,505.43,506.19,506.95,507.71","500,19089,32379,11626,3350,1602,1503,644",2.084172265919207,2.215646982420507,2.303296793421374,0.1132186532100465,39303501189.54753,/data/Metabolomics/ms-mint/demofiles/ms-files,13.402551651000977
SA_B1.mzML,Arabitol,151.0605,10,295.50000000000006,279.0,312.0,s,0,targets.csv,49416.56213378906,15389.185546875,24,5584.5634765625,301.444,684.7838134765625,1512.2349243164062,2059.023422241211,1537.8352661132812,"289.78,291.61,292.23,292.86,293.49,294.12,295.42,296.07,296.74,297.4,298.07,298.74,299.41,300.76,301.44,302.13,302.84,303.53,304.23,305.61,307.0,307.7,309.1,309.79","2548,5098,2235,4705,2715,4453,1659,5584,1860,1851,3308,1143,1040,918,744,2163,961,763,931,1365,745,920,684,1010",4.704289501413671,4.956817281053285,5.184092282728938,0.08699439008663278,35861248365.0968,/data/Metabolomics/ms-mint/demofiles/ms-files,16.041327476501465
SA_B1.mzML,Xanthine,151.02585,10,262.35900000000004,250.79999999999998,271.8,s,0,targets.csv,13401.171661376953,3183.3004150390625,17,1125.2181396484375,258.945,506.7947082519531,713.4628295898438,788.3042153751148,230.99517822265625,"251.54,252.3,253.8,254.54,255.27,256.02,256.76,257.48,258.2,258.94,259.68,260.43,261.19,261.95,263.47,268.3,269.0","590,923,506,1029,1125,942,1028,1024,700,644,713,668,707,759,567,647,821",2.1110508048538126,2.212085091782176,2.717256526423994,0.16369607828985572,35861248365.0968,/data/Metabolomics/ms-mint/demofiles/ms-files,16.041327476501465
SA_B1.mzML,Succinate,117.01905,10,122.63399999999999,52.2,150.0,s,0,targets.csv,48607410.85491943,7963367.25,133,2732826.75,82.9923,495.51434326171875,4169.0419921875,365469.2545482664,20173.70068359375,"53.34,54.07,54.78,55.52,56.23,56.95,57.67,58.38,59.08,59.8,60.51,61.21,61.93,62.66,63.39,64.13,64.87,65.62,66.36,67.12,67.88,68.62,69.37,70.12,70.86,71.62,72.38,73.14,73.89,74.65,75.41,76.17,76.93,77.68,78.44,79.2,79.96,80.72,81.48,82.23,82.99,83.75,84.51,85.27,86.02,86.78,87.54,88.3,89.06,89.82,90.57,91.33,92.09,92.85,93.61,94.37,95.12,95.88,96.64,97.4,98.16,98.91,99.67,100.43,101.19,101.95,102.71,103.46,104.22,104.98,105.74,106.5,107.26,108.01,108.77,109.53,110.29,111.05,111.8,112.56,113.32,114.08,114.84,115.6,116.35,117.11,117.86,118.62,119.38,120.14,120.9,121.66,122.41,123.17,123.93,124.69,125.45,126.2,126.96,127.72,128.48,129.24,130.0,130.75,131.51,132.27,133.03,133.79,134.54,135.3,136.06,136.82,137.58,138.34,139.1,139.85,140.61,141.37,142.13,142.89,143.64,144.4,145.16,145.92,146.68,147.44,148.19,148.95,149.71","2197,4243,3096,4065,2585,4613,3602,3450,4169,2973,3207,2410,1995,2169,2076,2256,1880,1864,1542,2076,2758,2010,742,3350,2485,3269,1848,2435,2297,3103,2805,2906,2794,2720,2573,3104,2413,2464,2839,859,3277,2730,1808,2849,2066,2928,2934,1417,3383,3727,3098,4852,3202,3783,4204,2700,3711,3790,4152,6678,6845,3323,5123,3191,4616,3464,4524,3564,4031,4088,3770,4909,4016,4336,6617,9734,25758,68619,153251,288480,526217,806457,1185606,1488590,1813125,1979931,2040050,2279591,2653231,2547640,2432454,2520178,2732826,2545624,2464820,2577308,2258497,2336490,2096405,1825908,1441786,1208610,905173,635857,445297,342592,268154,195916,162393,131098,120254,106862,88017,71137,65600,57185,52594,47745,45968,40262,34841,34438,40603,33127,31388,26643,25541,26641,22371",2.613026902785009,2.678224787499079,2.808620556927219,0.05194841270253024,35861248365.0968,/data/Metabolomics/ms-mint/demofiles/ms-files,16.041327476501465
SA_B1.mzML,Urocanate,137.0354,10,264.9,258.0,276.0,s,0,targets.csv,37404.33770751953,11144.058837890625,23,4467.71826171875,275.861,641.7176513671875,1267.3380126953125,1626.2755525008492,871.861328125,"258.2,258.94,259.68,260.43,261.19,261.95,262.71,263.47,264.19,264.91,265.6,266.27,266.94,267.61,268.3,269.0,269.71,270.43,271.83,272.5,273.16,275.17,275.86","2128,1066,641,795,716,2572,2517,2517,4467,3133,3542,1270,1141,1481,794,1267,827,832,1280,884,1417,846,1257",1.7287639212851713,2.007137047180013,2.1184862975379497,0.06674494596346969,35861248365.0968,/data/Metabolomics/ms-mint/demofiles/ms-files,16.041327476501465
SA_B1.mzML,Mevalonate,147.0657,10,180.0,102.0,258.0,s,0,targets.csv,12422450.151123047,559727.59375,209,187444.5625,253.05199999999996,1024.0479736328125,36639.02734375,59437.56053168922,3336.7337646484375,"102.71,103.46,104.22,104.98,105.74,106.5,107.26,108.01,108.77,109.53,110.29,111.05,111.8,112.56,113.32,114.08,114.84,115.6,116.35,117.11,117.86,118.62,119.38,120.14,120.9,121.66,122.41,123.17,123.93,124.69,125.45,126.2,126.96,127.72,128.48,129.24,130.0,130.75,131.51,132.27,133.03,133.79,134.54,135.3,136.06,136.82,137.58,138.34,139.1,139.85,140.61,141.37,142.13,142.89,143.64,144.4,145.16,145.92,146.68,147.44,148.19,148.95,149.71,150.47,151.23,151.99,152.74,153.5,154.26,155.02,155.78,156.53,157.29,158.05,158.81,159.57,160.32,161.08,161.84,162.6,163.36,164.12,164.88,165.63,166.39,167.15,167.91,168.67,169.42,170.18,170.94,171.7,172.46,173.22,173.97,174.73,175.49,176.25,177.01,177.76,178.52,179.28,180.04,180.8,181.56,182.32,183.07,183.83,184.59,185.35,186.11,186.86,187.62,188.38,189.14,189.9,190.66,191.41,192.17,192.93,193.69,194.45,195.2,195.96,196.72,197.41,198.12,198.82,199.52,200.22,200.92,201.61,202.31,203.02,203.72,204.41,205.09,205.79,206.48,207.18,207.89,208.6,209.3,210.01,210.72,211.43,212.13,212.84,213.56,214.26,214.97,215.68,216.38,217.09,217.8,218.5,219.2,219.9,220.6,221.32,222.02,222.74,223.44,224.14,224.86,225.57,226.28,227.0,227.72,228.45,229.17,229.9,230.62,231.36,232.1,232.86,233.6,234.34,235.09,235.84,236.57,237.32,238.05,238.79,239.53,240.27,241.03,241.77,242.51,243.25,244.01,244.76,245.52,246.27,247.02,247.78,248.52,249.27,250.03,250.79,251.54,252.3,253.05,253.8,254.54,255.27,256.02,256.76,257.48","4360,3797,6029,7433,11378,17721,22405,32777,44113,59845,71643,82285,88401,109783,124168,130963,129638,146383,157973,161860,150627,165753,179148,177914,162795,168451,178204,183064,175427,185904,170695,172315,186378,176171,172237,179058,187444,170394,171151,181575,179682,163234,183634,172695,162039,152788,159656,155267,138340,139996,133166,132683,136024,134720,123509,120282,116189,109150,116823,108081,101513,100644,96417,93029,96843,100008,86845,85482,82306,76633,74720,78267,72143,73983,76883,59993,73242,65319,62135,59254,56366,57841,56127,53140,52822,51344,46965,44248,43861,40574,44560,46256,44751,32677,35017,43350,39047,36927,40729,38631,37287,38342,35156,27375,35835,31838,36639,36568,30152,30275,33291,31009,25561,25541,31820,29443,28350,28275,30725,42875,47200,41534,62666,54048,65353,43078,42780,44049,41879,38243,36552,39604,32752,32184,32991,29381,28681,30344,25281,26556,18370,22046,24459,19865,24267,22870,20438,17400,22761,19414,18956,18412,17114,18781,14397,13645,14803,15670,13326,13493,16169,15887,13420,13196,10259,13443,11505,9928,10564,9654,9552,9786,10231,10116,8513,8153,8164,11093,6188,8955,8365,7908,7385,7390,5167,4304,6923,6522,5505,5889,4765,4616,5287,2472,3427,5289,3021,4957,3859,2235,3560,1911,2611,4850,2307,2255,2473,2781,1024",4.283500875424779,4.387255789469998,4.491010703515218,0.01326363665704932,35861248365.0968,/data/Metabolomics/ms-mint/demofiles/ms-files,16.041327476501465
SA_B1.mzML,Nicotinate,122.02455,10,183.204,165.0,225.0,s,0,targets.csv,2074314.414276123,257267.1171875,75,91697.6875,224.137,439.4109802246094,10056.4423828125,27657.52552368164,438.9485168457031,"170.18,170.94,171.7,172.46,173.22,173.97,174.73,175.49,176.25,177.01,177.76,178.52,179.28,180.04,180.8,181.56,182.32,183.07,183.83,184.59,185.35,186.11,186.86,187.62,188.38,189.14,189.9,190.66,191.41,192.17,192.93,193.69,194.45,195.2,195.96,196.72,197.41,198.12,198.82,199.52,200.22,200.92,201.61,202.31,203.02,203.72,204.41,205.09,205.79,206.48,207.18,207.89,208.6,209.3,210.01,210.72,211.43,212.13,212.84,213.56,214.26,214.97,216.38,217.09,217.8,218.5,219.2,219.9,220.6,221.32,222.02,222.74,223.44,224.14,224.86","439,473,2011,3733,6527,7315,17980,21233,25578,42877,43783,56168,73550,70475,82341,81839,82086,91697,79922,75791,79473,83228,76514,69938,70230,70871,65968,59943,58113,58021,57838,49231,40788,35388,21052,43308,40068,25482,25544,16167,16301,12609,10056,8985,7011,12766,7029,3808,7717,5523,5174,4234,5663,3940,3785,3381,3433,4833,992,2775,2641,2852,2245,2490,3377,2672,811,2619,1019,1084,2581,2419,1095,2500,878",2.012154329252132,2.1372012076261973,2.262248086000262,0.03298645603701603,35861248365.0968,/data/Metabolomics/ms-mint/demofiles/ms-files,16.041327476501465
SA_B1.mzML,Citrulline,174.0881,10,504.04200000000003,501.0,510.0,s,0,targets.csv,322967.54415893555,289032.6875,10,137326.375,502.59800000000007,436.6250915527344,6491.76708984375,32296.754415893556,6285.279693603516,"502.6,503.36,504.11,504.87,505.63,506.39,507.15,507.9,508.66,509.42","6721,137326,114072,37633,11895,6261,4832,2113,1672,436",1.8650477384170399,1.9526975494179066,1.9526975494179066,0.11301039330000148,35861248365.0968,/data/Metabolomics/ms-mint/demofiles/ms-files,16.041327476501465
SA_B2.mzML,Arabitol,151.0605,10,295.50000000000006,279.0,312.0,s,0,targets.csv,34021.49548339844,13616.54296875,16,6790.16015625,302.822,783.358642578125,1482.8898315429688,2126.3434677124023,1772.9009399414062,"290.39,291.62,292.86,294.14,294.78,296.08,296.75,298.07,299.42,301.44,302.82,303.51,304.21,304.9,306.97,310.44","2759,2951,2458,6790,1489,1476,3479,3347,783,976,856,2793,840,921,1111,986",4.628531167521786,4.8558061691974395,4.982070059017246,0.05895911264694738,35657732795.22658,/data/Metabolomics/ms-mint/demofiles/ms-files,16.003686904907227
SA_B2.mzML,Xanthine,151.02585,10,262.35900000000004,250.79999999999998,271.8,s,0,targets.csv,15943.090393066406,5176.738525390625,17,1798.29931640625,253.03799999999998,543.5810546875,738.0860595703125,937.828846650965,126.3232421875,"251.52,253.04,253.79,254.52,255.26,256.76,257.5,258.24,258.98,259.73,260.48,261.24,262.0,262.75,264.24,266.99,268.34","980,1798,731,725,972,648,644,839,549,627,1597,543,1781,734,738,1175,854",1.9089822309970854,2.1110508048538126,2.4141536656389033,0.06937212686820164,35657732795.22658,/data/Metabolomics/ms-mint/demofiles/ms-files,16.003686904907227
SA_B2.mzML,Succinate,117.01905,10,122.63399999999999,52.2,150.0,s,0,targets.csv,49406650.57833862,8011672.0,130,2769966.5,69.1,423.9273376464844,4227.303466796875,380051.1582949125,20590.62890625,"53.71,54.44,55.17,55.91,56.63,57.36,58.08,58.79,59.49,60.19,60.92,61.62,62.35,63.09,63.82,64.57,65.32,66.08,66.84,67.59,68.34,69.1,69.85,70.61,71.37,72.12,72.88,73.64,74.4,75.16,75.91,76.67,77.43,78.19,78.95,79.71,80.46,81.22,81.98,82.74,83.5,84.26,85.01,85.77,86.53,87.29,88.05,88.8,89.56,90.32,91.08,91.84,92.6,93.35,94.11,94.87,95.63,96.39,97.15,97.9,98.66,99.42,100.18,100.94,101.7,102.45,103.21,103.97,104.73,105.49,106.24,107.0,107.76,108.52,109.28,110.04,110.79,111.55,112.31,113.07,113.83,114.58,115.34,116.1,116.86,117.62,118.38,119.13,119.89,120.65,121.41,122.16,122.92,123.68,124.44,125.2,125.96,126.71,127.47,128.23,128.99,129.75,130.5,131.26,132.02,132.78,133.54,134.29,135.05,135.81,136.57,137.33,138.09,138.84,139.6,140.36,141.12,141.88,142.64,143.39,144.15,144.91,145.67,146.43,147.18,147.94,148.7,149.46","4167,3008,2502,3854,3280,2419,4231,2520,1945,2806,1074,1271,2835,2228,919,2186,2225,1891,2501,892,946,492,3058,3052,2122,2318,1871,2201,2709,2948,3315,3076,2641,3208,2528,3294,2540,2656,2601,2073,2211,2452,2359,2973,2716,3634,3416,3331,4215,2621,3661,3368,4222,3902,2788,2576,3068,4262,4569,4724,4235,5289,3851,5461,3801,3995,2799,3658,3758,4190,5457,5997,5083,6728,8382,23810,60713,136204,274025,490623,813816,1082882,1494697,1737197,1812822,2153870,2337102,2442685,2373585,2633570,2608135,2769966,2468973,2583209,2489535,2341715,2423609,2009944,1780516,1729086,1331951,1099892,773727,532543,414574,287384,254672,172558,156363,131494,112013,93420,85620,76141,62369,59404,61513,48488,44729,42806,39972,37430,32208,30137,29805,27608,31126,24757",2.303336950393176,2.4826311333568687,2.613026902785009,0.03007763584901007,35657732795.22658,/data/Metabolomics/ms-mint/demofiles/ms-files,16.003686904907227
SA_B2.mzML,Urocanate,137.0354,10,264.9,258.0,276.0,s,0,targets.csv,524683.2269287109,228583.7578125,26,82270.953125,274.519,789.47119140625,7146.204345703125,20180.124112642727,466.72314453125,"258.24,258.98,259.73,260.48,261.24,262.0,262.75,263.5,264.24,264.95,265.64,266.32,266.99,267.66,268.34,269.04,269.75,270.46,271.17,271.86,272.53,273.18,273.85,274.52,275.2,275.9","1851,1955,789,3721,8359,22946,49860,73390,82270,72921,56455,44271,24172,17849,13848,8871,9271,5011,5933,3564,4697,3445,3111,2228,1564,2318",1.5895773583377504,1.8957877968220764,2.007137047180013,0.10057924680631197,35657732795.22658,/data/Metabolomics/ms-mint/demofiles/ms-files,16.003686904907227
SA_B2.mzML,Mevalonate,147.0657,10,180.0,102.0,258.0,s,0,targets.csv,5745504.719299316,279829.6328125,209,94774.3125,251.523,608.4822387695312,17202.513671875,27490.453202389075,893.6700439453125,"102.45,103.21,103.97,104.73,105.49,106.24,107.0,107.76,108.52,109.28,110.04,110.79,111.55,112.31,113.07,113.83,114.58,115.34,116.1,116.86,117.62,118.38,119.13,119.89,120.65,121.41,122.16,122.92,123.68,124.44,125.2,125.96,126.71,127.47,128.23,128.99,129.75,130.5,131.26,132.02,132.78,133.54,134.29,135.05,135.81,136.57,137.33,138.09,138.84,139.6,140.36,141.12,141.88,142.64,143.39,144.15,144.91,145.67,146.43,147.18,147.94,148.7,149.46,150.22,150.98,151.73,152.49,153.25,154.01,154.77,155.52,156.28,157.04,157.8,158.56,159.32,160.07,160.83,161.59,162.35,163.11,163.87,164.62,165.38,166.14,166.9,167.66,168.42,169.17,169.93,170.69,171.45,172.21,172.96,173.72,174.48,175.24,176.0,176.76,177.51,178.27,179.03,179.79,180.55,181.3,182.06,182.82,183.58,184.34,185.1,185.86,186.61,187.37,188.13,188.89,189.65,190.4,191.16,191.92,192.68,193.44,194.2,194.95,195.71,196.47,197.19,197.89,198.59,199.3,200.0,200.7,201.42,202.12,202.81,203.5,204.2,204.9,205.6,206.29,206.99,207.69,208.39,209.09,209.8,210.51,211.22,211.92,212.64,213.35,214.06,214.77,215.48,216.2,216.89,217.61,218.29,218.99,219.7,220.4,221.1,221.8,222.52,223.23,223.96,224.68,225.4,226.12,226.84,227.55,228.27,229.0,229.73,230.47,231.22,231.96,232.7,233.45,234.2,234.94,235.7,236.45,237.2,237.95,238.7,239.46,240.21,240.96,241.71,242.46,243.22,243.98,244.73,245.48,246.23,246.99,247.75,248.51,249.27,250.02,250.78,251.52,252.28,253.04,253.79,254.52,255.26,256.0,256.76,257.5","1929,2461,3575,3671,7075,7550,10546,13842,19400,20628,23231,31546,40404,43750,46770,62321,58015,60832,71264,60056,69679,75132,72401,65646,88001,78257,87179,71811,85370,79060,75443,83210,76026,65709,92362,90164,87119,94774,92692,85073,85953,90794,79789,75412,86404,80653,65600,81850,71030,65885,69859,68997,67920,64369,60815,54849,53161,52535,50055,50679,50401,48036,42724,39051,37163,39298,43863,39608,34386,41072,39512,41668,34670,33675,32071,32350,32247,32422,30688,32236,29136,24448,26684,23405,20803,19989,20892,23791,21112,17145,18716,22472,23151,18032,18797,19052,18626,18113,14304,18975,17486,12102,18317,15043,13156,13346,14220,12797,15823,14096,11395,10455,11230,13643,10495,14035,14116,13018,11945,18376,22841,24277,22962,24896,29332,22958,25519,17215,19691,20156,18055,17202,16161,11424,12364,13200,12686,16715,12597,14306,11123,13856,11214,8093,12775,10529,9290,8149,8548,8291,9091,8770,8098,6578,7603,6700,7822,8019,4287,6027,6058,5301,5918,5650,5888,5493,6004,5539,4218,7230,5063,6061,4960,3457,5892,4687,4994,3369,4936,2798,3882,4379,3748,3041,4239,2680,2575,1817,2385,2253,2299,2361,2243,2239,2589,2851,790,1723,971,608,747,1637,1499,2305,2297,766,1057,989,1036",4.17974596137956,4.283500875424779,4.387255789469998,0.013658708879778854,35657732795.22658,/data/Metabolomics/ms-mint/demofiles/ms-files,16.003686904907227
SA_B2.mzML,Nicotinate,122.02455,10,183.204,165.0,225.0,s,0,targets.csv,1166553.081817627,146571.2109375,72,49117.4609375,221.804,491.7724914550781,7549.330810546875,16202.12613635593,1562.8202819824219,"169.17,171.45,172.21,172.96,173.72,174.48,175.24,176.0,176.76,177.51,178.27,179.03,179.79,180.55,181.3,182.06,182.82,183.58,184.34,185.1,185.86,186.61,187.37,188.13,188.89,189.65,190.4,191.16,191.92,192.68,193.44,194.2,194.95,195.71,196.47,197.19,197.89,198.59,199.3,200.0,200.7,201.42,202.12,202.81,203.5,204.2,204.9,205.6,206.29,206.99,207.69,208.39,209.09,209.8,210.51,211.22,211.92,212.64,213.35,214.06,214.77,215.48,216.2,216.89,217.61,218.29,218.99,219.7,221.1,221.8,223.96,224.68","491,713,1908,4032,5866,7765,10706,17655,19860,26086,28439,28278,40698,40632,47601,47670,47962,49042,48403,49117,44638,48411,41985,48257,36704,35887,29896,28076,25971,34994,25397,20343,14226,14865,23193,28266,18548,15145,8940,10656,10563,6753,7333,3938,5417,6073,6118,3475,2732,1343,3051,778,2703,3066,3208,2815,1316,1168,2596,735,1171,1173,1307,665,1045,1086,1389,974,1094,1090,964,2054",1.8245840116910348,1.9496308900650998,2.1372012076261973,0.03476972371336515,35657732795.22658,/data/Metabolomics/ms-mint/demofiles/ms-files,16.003686904907227
SA_B2.mzML,Citrulline,174.0881,10,504.04200000000003,501.0,510.0,s,0,targets.csv,86403.96203613281,76330.6142578125,8,38953.46484375,508.0210000000001,481.95440673828125,3271.9237060546875,10800.495254516602,2511.6063842773438,"502.71,503.47,504.23,504.99,505.75,506.51,507.26,508.02","3095,38953,27579,9798,3447,2463,481,584",1.689748116415306,1.9088726439174732,1.9746100021681232,0.10095170566409756,35657732795.22658,/data/Metabolomics/ms-mint/demofiles/ms-files,16.003686904907227
SA_B3.mzML,Arabitol,151.0605,10,295.50000000000006,279.0,312.0,s,0,targets.csv,35505.75537109375,10242.56591796875,20,3586.21630859375,305.822,649.9086303710938,1519.7442626953125,1775.2877685546875,2357.8035278320312,"288.7,290.51,291.12,292.36,293.63,295.56,296.88,298.24,298.92,299.59,300.95,301.63,302.32,303.03,303.73,304.43,305.12,305.82,307.2,310.72","3007,3586,3081,1729,1663,1599,3574,1439,1077,1066,2896,2607,769,683,753,2376,964,696,1281,649",4.805300613269516,5.057828392909131,5.310356172548746,0.02304136997361687,34550629034.61369,/data/Metabolomics/ms-mint/demofiles/ms-files,15.87561321258545
SA_B3.mzML,Xanthine,151.02585,10,262.35900000000004,250.79999999999998,271.8,s,0,targets.csv,14712.597564697266,5615.858581542969,16,2480.199462890625,261.843,391.6580810546875,751.3827514648438,919.5373477935791,5.85986328125,"251.39,252.15,252.91,253.66,254.41,255.9,256.63,258.11,258.85,261.09,261.84,263.34,264.08,266.86,269.63,271.06","958,728,550,2480,551,497,2126,817,1008,646,391,774,863,655,709,952",2.010016517925449,2.212085091782176,2.540446524299358,0.42933757513444354,34550629034.61369,/data/Metabolomics/ms-mint/demofiles/ms-files,15.87561321258545
SA_B3.mzML,Succinate,117.01905,10,122.63399999999999,52.2,150.0,s,0,targets.csv,64862066.748535156,10471973.75,128,3578761.0,122.86699999999999,416.24273681640625,4190.93115234375,506734.8964729309,28641.16650390625,"53.69,54.42,55.15,55.88,56.6,57.33,58.05,58.75,59.45,60.16,60.88,61.58,62.29,63.03,63.78,64.53,65.27,66.03,66.79,67.54,68.3,69.05,69.81,70.57,71.33,72.08,72.84,74.36,75.12,75.88,76.63,77.39,78.15,78.91,79.67,80.43,81.18,81.94,82.7,83.46,84.22,84.97,85.73,86.49,87.25,88.01,88.77,89.52,90.28,91.04,91.8,92.56,93.32,94.07,94.83,95.59,96.35,97.11,97.86,98.62,99.38,100.14,100.9,101.66,102.41,103.17,103.93,104.69,105.45,106.2,106.96,107.72,108.48,109.24,110.0,110.75,111.51,112.27,113.03,113.79,114.54,115.3,116.05,116.81,117.57,118.32,119.08,119.84,120.6,121.36,122.12,122.87,123.62,124.38,125.14,125.9,126.66,127.42,128.17,128.93,129.69,130.45,131.21,131.96,132.72,133.48,134.24,135.0,135.76,136.51,137.27,138.03,138.79,139.55,140.3,141.06,141.82,142.58,143.34,144.1,144.85,145.61,146.37,147.13,147.89,148.64,149.4","2517,2341,4098,3982,3345,4234,4419,3541,3161,3673,3351,660,2613,1673,1027,2117,921,1567,997,1783,1973,3098,2198,2153,2288,3284,5126,2826,3542,2433,1762,2999,2721,2351,2377,2357,2110,2464,2313,886,3127,2685,3464,2461,2635,2063,3257,2846,2933,3360,3439,3320,3998,3189,4114,3404,5390,3240,3533,5392,3834,4155,3634,2837,4226,4084,4329,3494,2524,3612,5289,8836,8817,14169,38095,91690,211383,382806,722957,1018471,1607978,1833315,2143382,2692409,2898382,2940313,3432014,3342324,3142708,3164622,2997392,3461198,3578761,3268502,2867958,3136572,2717079,2736746,2112425,1687653,1425847,1010656,821322,546621,404170,328674,273248,182758,169596,138507,126416,111566,98124,83920,80774,77748,62667,53937,57648,51328,44584,46228,45996,40106,38744,37143,31158",2.352235363928729,2.5478290180709386,2.743422672213149,0.043571459877625715,34550629034.61369,/data/Metabolomics/ms-mint/demofiles/ms-files,15.87561321258545
SA_B3.mzML,Urocanate,137.0354,10,264.9,258.0,276.0,s,0,targets.csv,120119.00024414062,46342.6669921875,24,16653.55078125,263.344,517.7791748046875,3252.600341796875,5004.958343505859,181.02490234375,"258.11,258.85,259.6,260.33,261.09,261.84,262.6,263.34,264.08,264.8,265.5,266.18,266.86,267.54,268.23,268.92,269.63,270.35,271.06,271.77,272.45,273.8,274.46,275.15","517,711,2970,2047,2782,3927,8714,13706,16653,13950,15738,7553,5189,4018,4190,1044,2618,3685,2935,1220,3534,894,813,698",1.7844385464641397,2.0628116723589813,2.341184798253823,0.17710325195857038,34550629034.61369,/data/Metabolomics/ms-mint/demofiles/ms-files,15.87561321258545
SA_B3.mzML,Mevalonate,147.0657,10,180.0,102.0,258.0,s,0,targets.csv,4977766.018371582,239237.25,206,80813.84375,240.09700000000004,522.2642211914062,14856.3564453125,24163.91271054166,1676.7285766601562,"102.41,103.17,103.93,104.69,105.45,106.2,106.96,107.72,108.48,109.24,110.0,110.75,111.51,112.27,113.03,113.79,114.54,115.3,116.05,116.81,117.57,118.32,119.08,119.84,120.6,121.36,122.12,122.87,123.62,124.38,125.14,125.9,126.66,127.42,128.17,128.93,129.69,130.45,131.21,131.96,132.72,133.48,134.24,135.0,135.76,136.51,137.27,138.03,138.79,139.55,140.3,141.06,141.82,142.58,143.34,144.1,144.85,145.61,146.37,147.13,147.89,148.64,149.4,150.16,150.92,151.68,152.44,153.19,153.95,154.71,155.47,156.23,156.98,157.74,158.5,159.26,160.02,160.78,161.53,162.29,163.05,163.81,164.57,165.32,166.08,166.84,167.6,168.36,169.12,169.87,170.63,171.39,172.15,172.91,173.66,174.42,175.18,175.94,176.7,177.46,178.21,178.97,179.73,180.49,181.25,182.0,182.76,183.52,184.28,185.04,185.8,186.55,187.31,188.07,188.83,189.59,190.34,191.1,191.86,192.62,193.38,194.14,194.9,195.65,196.39,197.09,197.8,198.5,199.19,199.89,200.6,201.3,202.0,202.7,203.4,204.11,204.81,205.51,206.21,206.92,207.63,208.33,209.03,209.74,210.45,211.16,211.87,212.58,213.29,214.0,214.7,215.41,216.12,216.82,217.52,218.22,218.92,219.62,220.31,221.03,221.76,222.48,223.2,223.92,224.63,225.34,226.05,226.76,227.5,228.23,228.95,229.68,230.41,231.14,231.89,232.64,233.39,234.13,234.87,235.62,236.38,237.12,237.86,238.62,239.35,240.1,240.84,241.58,242.33,243.09,243.84,244.59,245.35,246.1,246.86,247.62,248.37,249.13,249.89,250.64,251.39,252.15,253.66,254.41,256.63,257.38","2220,3040,3465,3588,3262,5284,11180,8568,15003,19602,24856,28498,36901,45025,47842,48880,52267,47014,51715,53915,61882,56389,59435,67556,61951,68190,58799,66367,77130,72076,55765,67374,65262,71617,75262,67596,78463,74213,80813,67614,74772,76495,79959,66363,70725,67573,65437,61423,57068,56443,56260,66633,60080,49840,51544,51842,45412,40141,45775,46688,43211,45851,42271,48815,40427,33236,39127,33026,28054,39809,32603,28176,29808,31743,27298,24066,30211,25723,24808,23545,22436,25454,26294,23408,18782,18116,18264,21050,16397,23269,15176,15540,17881,19909,20954,16098,16879,18254,15111,12623,14630,12738,13581,15078,14709,12684,11836,11075,11822,13680,13513,10314,9819,12282,12219,9047,10571,10262,13387,17447,18641,22024,22094,20213,21438,13966,18312,19662,16502,15981,12576,15232,13279,12289,11319,11297,8251,14409,10061,11108,7786,14103,12346,8731,9377,6136,9046,9334,5732,8644,6729,9160,10294,9222,6048,4356,7987,5515,4917,5633,5476,5171,4535,6248,4669,6084,6291,4881,4200,4831,5856,4374,4379,3744,2498,4775,4042,3127,5252,3771,2965,3974,3696,3102,2534,3411,2609,2817,3267,991,836,709,3761,723,1861,2131,522,1725,944,2157,1907,719,1783,1011,2264,543",4.283500875424779,4.387255789469998,4.594765617560437,0.01602782397374334,34550629034.61369,/data/Metabolomics/ms-mint/demofiles/ms-files,15.87561321258545
SA_B3.mzML,Nicotinate,122.02455,10,183.204,165.0,225.0,s,0,targets.csv,1008648.3452758789,144943.02734375,69,50718.95703125,223.92,493.4454345703125,6489.54248046875,14618.091960519983,135.81072998046875,"168.36,171.39,172.15,172.91,173.66,174.42,175.18,175.94,176.7,177.46,178.21,178.97,179.73,180.49,181.25,182.0,182.76,183.52,184.28,185.04,185.8,186.55,187.31,188.07,188.83,189.59,190.34,191.1,191.86,192.62,193.38,194.14,194.9,195.65,196.39,197.09,197.8,198.5,199.19,199.89,200.6,201.3,202.0,202.7,203.4,204.11,204.81,205.51,206.21,206.92,207.63,208.33,209.03,209.74,210.45,211.16,211.87,212.58,213.29,214.0,216.12,216.82,217.52,218.92,219.62,221.03,222.48,223.2,223.92","540,781,1904,2842,3238,4387,9666,12590,14894,22937,22409,35153,34498,36955,41839,45269,44326,48954,36851,50718,39665,39334,32495,33982,34728,28850,28123,30027,27550,28977,18058,20173,15646,10589,22358,18780,13196,11065,8586,7036,6014,6489,5413,3895,4108,2791,3417,1120,4262,2765,1324,2703,2074,4026,3422,911,945,2650,2095,919,734,1182,1123,1130,727,627,613,493,676",2.012154329252132,2.1997246468132294,2.3247715251872942,0.03326584687943091,34550629034.61369,/data/Metabolomics/ms-mint/demofiles/ms-files,15.87561321258545
SA_B3.mzML,Citrulline,174.0881,10,504.04200000000003,501.0,510.0,s,0,targets.csv,222974.54052734375,201516.41796875,7,105259.734375,507.88800000000003,1360.76123046875,11352.447265625,31853.505789620536,52957.15673828125,"503.34,504.1,504.86,505.61,506.37,507.13,507.89","54317,105259,41938,11352,6118,2626,1360",1.9088726439174732,1.9526975494179066,1.99652245491834,0.04933348944627563,34550629034.61369,/data/Metabolomics/ms-mint/demofiles/ms-files,15.87561321258545
SA_B4.mzML,Arabitol,151.0605,10,295.50000000000006,279.0,312.0,s,0,targets.csv,62507.571350097656,17698.98193359375,25,6337.8857421875,299.17,608.7798461914062,1985.6181640625,2500.3028540039063,2394.2504272460938,"290.16,290.77,291.38,292.01,292.64,293.26,293.9,294.54,295.19,295.85,296.5,297.17,297.83,298.5,299.17,300.52,301.2,301.89,302.58,303.27,303.96,304.65,306.74,307.44,308.14","3370,6241,2467,2090,6337,1985,4360,1671,3721,1309,5119,3977,1545,1513,1318,1161,1374,2796,889,2818,2833,889,608,1129,976",4.8558061691974395,5.057828392909131,5.259850616620822,0.11302552998487429,35863829576.07817,/data/Metabolomics/ms-mint/demofiles/ms-files,16.03006076812744
SA_B4.mzML,Xanthine,151.02585,10,262.35900000000004,250.79999999999998,271.8,s,0,targets.csv,15514.751922607422,5622.85302734375,15,1942.184814453125,259.412,487.8728332519531,823.6196899414062,1034.3167948404948,167.5557861328125,"251.22,251.98,252.73,253.48,254.98,255.71,256.46,257.19,257.93,259.41,260.16,261.66,263.18,263.94,266.71","716,731,1053,1665,881,823,697,788,1758,1922,602,559,487,1942,883",2.0605336613896306,2.212085091782176,2.4141536656389033,0.20095343038449112,35863829576.07817,/data/Metabolomics/ms-mint/demofiles/ms-files,16.03006076812744
SA_B4.mzML,Succinate,117.01905,10,122.63399999999999,52.2,150.0,s,0,targets.csv,54354433.23651123,8847525.5,129,2982926.25,58.5928,548.6709594726562,4529.72314453125,421352.19563187,24793.71337890625,"53.54,54.27,54.99,55.72,56.44,57.17,57.87,58.59,59.29,60.0,60.71,61.45,62.17,62.89,63.63,64.36,65.11,65.87,66.62,67.38,68.14,68.89,69.65,70.41,71.17,71.93,72.69,73.44,74.2,74.96,75.72,76.48,77.24,77.99,78.75,79.51,80.27,81.03,81.79,82.54,83.3,84.06,84.82,85.58,86.34,87.09,87.85,88.61,89.37,90.13,90.88,91.64,92.4,93.16,93.92,94.68,95.43,96.19,96.95,97.71,98.47,99.22,99.98,100.74,101.5,102.26,103.02,103.77,104.53,105.29,106.05,106.81,107.57,108.32,109.08,109.84,110.6,111.36,112.12,112.87,113.63,114.39,115.15,115.91,116.66,117.42,118.18,118.94,119.7,120.46,121.21,121.97,122.73,123.49,124.25,125.01,125.76,126.52,127.28,128.04,128.8,129.56,130.31,131.07,131.83,132.59,133.35,134.1,134.86,135.62,136.38,137.14,137.9,138.65,139.41,140.17,140.93,141.69,142.44,143.2,143.96,144.72,145.48,146.24,146.99,147.75,148.51,149.27","765,2533,3317,2516,2963,5076,2932,2022,4012,964,3196,2497,2213,1158,952,2547,721,1577,3572,548,744,861,1577,2839,3289,2167,3096,2287,857,2480,723,1992,2352,3193,3902,2441,2882,2675,2794,2684,2725,2019,2214,4049,4183,3042,2847,1997,1981,3336,3010,3786,4216,2962,4140,4529,5930,5734,5555,4750,2652,5020,3510,4035,4447,5071,3427,4226,4274,3767,5395,4083,5605,7221,10678,25255,61762,159739,294352,504985,832045,1115945,1345337,1803320,1926285,2421119,2533393,2690216,2698126,2982926,2961302,2663360,2903296,2716713,2841678,2719333,2649623,2387845,2079650,1774628,1536695,1219834,902325,670433,454723,334550,281338,217847,178549,161649,120339,112727,94308,78128,82276,73930,60461,55845,51205,48692,50019,42533,38843,39702,34978,30756,24201,25559",2.4174332486427987,2.5478290180709386,2.678224787499079,0.022793541513762988,35863829576.07817,/data/Metabolomics/ms-mint/demofiles/ms-files,16.03006076812744
SA_B4.mzML,Urocanate,137.0354,10,264.9,258.0,276.0,s,0,targets.csv,246212.7960205078,102435.732421875,25,36457.45703125,259.412,906.022705078125,3712.965576171875,9848.511840820312,860.2244873046875,"258.68,259.41,260.16,260.9,261.66,262.42,263.18,263.94,264.65,265.35,266.04,266.71,267.38,268.06,268.75,269.45,270.17,270.89,271.59,272.27,272.94,273.59,274.26,274.93,275.62","1766,1006,1997,4815,8260,19600,36457,31669,34308,28741,23551,12672,8849,5300,4710,1205,3643,3349,2899,1484,3712,1170,1209,2920,906",1.8957877968220764,2.007137047180013,2.1184862975379497,0.09644482259488321,35863829576.07817,/data/Metabolomics/ms-mint/demofiles/ms-files,16.03006076812744
SA_B4.mzML,Mevalonate,147.0657,10,180.0,102.0,258.0,s,0,targets.csv,11649467.205627441,539843.296875,211,187768.984375,226.633,623.3770751953125,34561.9375,55210.74505036702,1998.3652954101562,"102.26,103.02,103.77,104.53,105.29,106.05,106.81,107.57,108.32,109.08,109.84,110.6,111.36,112.12,112.87,113.63,114.39,115.15,115.91,116.66,117.42,118.18,118.94,119.7,120.46,121.21,121.97,122.73,123.49,124.25,125.01,125.76,126.52,127.28,128.04,128.8,129.56,130.31,131.07,131.83,132.59,133.35,134.1,134.86,135.62,136.38,137.14,137.9,138.65,139.41,140.17,140.93,141.69,142.44,143.2,143.96,144.72,145.48,146.24,146.99,147.75,148.51,149.27,150.03,150.78,151.54,152.3,153.06,153.82,154.58,155.34,156.09,156.85,157.61,158.37,159.13,159.88,160.64,161.4,162.16,162.92,163.68,164.43,165.19,165.95,166.71,167.47,168.22,168.98,169.74,170.5,171.26,172.02,172.78,173.53,174.29,175.05,175.81,176.57,177.32,178.08,178.84,179.6,180.36,181.12,181.87,182.63,183.39,184.15,184.91,185.66,186.42,187.18,187.94,188.7,189.46,190.21,190.97,191.73,192.49,193.25,194.01,194.76,195.52,196.28,197.01,197.7,198.4,199.1,199.8,200.5,201.19,201.89,202.59,203.29,203.99,204.69,205.38,206.08,206.79,207.49,208.19,208.9,209.61,210.32,211.03,211.74,212.44,213.15,213.85,214.56,215.26,215.98,216.69,217.4,218.12,218.83,219.53,220.23,220.94,221.63,222.34,223.05,223.76,224.46,225.18,225.91,226.63,227.35,228.07,228.8,229.53,230.26,231.0,231.74,232.49,233.25,234.0,234.74,235.48,236.24,236.98,237.73,238.48,239.22,239.97,240.71,241.47,242.22,242.97,243.7,244.44,245.2,245.95,246.7,247.45,248.21,248.96,249.72,250.48,251.22,251.98,252.73,253.48,254.24,254.98,255.71,256.46,257.19,257.93","2681,3101,5945,7104,7598,10937,22360,25050,35087,50476,62345,64482,93301,99760,100264,109710,125483,118582,134808,123614,146770,146136,164932,144893,168828,162737,162863,176266,156779,164053,162225,172752,168725,159929,148774,153803,175807,171939,175497,152074,165522,187768,167960,157541,171376,149156,153746,139247,120850,139546,135505,132982,128255,132606,126036,115130,113418,101224,115709,113281,96739,82258,89570,84483,94074,86604,82419,80631,77428,78219,71333,77250,73575,65989,70924,71333,57501,58397,60915,58004,52775,55739,55113,47105,50026,43294,46506,41494,49103,39435,44775,47262,39142,32866,36535,39554,41039,36519,34561,37187,36925,33065,33011,34298,32863,30576,29310,31404,23885,29033,28104,25284,27744,27352,30265,25910,23429,18914,24646,27445,47117,43071,46348,57950,51823,55262,45180,43910,46812,42684,35371,35721,34665,29411,37572,24800,27283,29649,22020,26420,23904,22604,25804,20427,21999,21473,18063,20611,18149,19061,19254,14463,16266,12731,17793,14134,16208,13979,13446,10199,13291,9593,12338,15525,14886,12771,11294,9868,10227,9664,13962,9607,10651,9013,8131,8926,10308,8247,9244,7643,4842,6901,7759,7530,7881,5875,4832,6588,6043,5188,4567,5470,3575,4320,3546,2796,3243,2775,4449,2709,3158,2248,1725,2648,2620,2639,2148,623,3213,683",4.23162341840217,4.283500875424779,4.491010703515218,0.020770417949996567,35863829576.07817,/data/Metabolomics/ms-mint/demofiles/ms-files,16.03006076812744
SA_B4.mzML,Nicotinate,122.02455,10,183.204,165.0,225.0,s,0,targets.csv,1913410.674255371,242696.0078125,75,82971.6796875,224.456,435.62799072265625,10688.2685546875,25512.142323404947,3305.0746459960938,"168.98,169.74,171.26,172.02,172.78,173.53,174.29,175.05,175.81,176.57,177.32,178.08,178.84,179.6,180.36,181.12,181.87,182.63,183.39,184.15,184.91,185.66,186.42,187.18,187.94,188.7,189.46,190.21,190.97,191.73,192.49,193.25,194.01,194.76,195.52,196.28,197.01,197.7,198.4,199.1,199.8,200.5,201.19,201.89,202.59,203.29,203.99,204.69,205.38,206.08,206.79,207.49,208.19,208.9,209.61,210.32,211.03,211.74,212.44,213.15,213.85,214.56,215.26,215.98,216.69,217.4,218.12,218.83,219.53,220.23,221.63,222.34,223.76,224.46","435,645,2091,3105,4858,7611,12579,15085,23960,29448,42838,48521,57304,61196,63785,68723,74024,80784,78939,76624,76653,82971,73841,70167,68462,63902,60794,58969,53173,50695,43505,54111,37591,37852,29105,18360,39666,32896,17969,17302,14570,12735,13786,8267,10688,8184,6177,8600,6310,8007,7272,4224,4183,3811,3401,3990,3584,4213,3431,3617,3330,3121,965,2530,1080,2861,2164,3112,790,2585,1010,3174,1247,3740",2.012154329252132,2.1372012076261973,2.262248086000262,0.03149148651027056,35863829576.07817,/data/Metabolomics/ms-mint/demofiles/ms-files,16.03006076812744
SA_B4.mzML,Citrulline,174.0881,10,504.04200000000003,501.0,510.0,s,0,targets.csv,186700.51513671875,162429.6796875,10,88422.6015625,505.977,396.67425537109375,4788.7884521484375,18670.051513671875,9467.294494628906,"502.94,503.7,504.46,505.22,505.98,506.74,507.49,508.25,509.01,509.77","9863,88422,57226,16780,6591,2986,2024,678,1730,396",1.8212228329166065,2.040347360418773,2.1060847186694236,0.2793763481196799,35863829576.07817,/data/Metabolomics/ms-mint/demofiles/ms-files,16.03006076812744
